"id","source","year","journal","author","title","doi","prereg_link","notes"
"1067","liu",2023,"Cortex","Vormbrock, Ria; Bruchmann, Maximilian; Menne, Lucas; Straube, Thomas; Schindler, Sebastian","Testing stimulus exposure time as the critical factor of increased EPN and LPP amplitudes for fearful faces during perceptual distraction tasks","10.1016/j.cortex.2022.12.011","https://osf.io/ry5s6/overview",""
"1138","liu",2022,"Collabra","Jaffé, Mariela E.; Douneva, Maria; Greifeneder, Rainer","When Choosing Implies Losing: Does Flipping a Coin Increase Forfeiture Thoughts?","10.1525/collabra.33941","https://osf.io/hr3b9/registrations",""
"1001","liu",2019,"Nature Human Behaviour","He, Joyce C.; Côté, Stéphane","Self-insight into emotional and cognitive abilities is not related to higher adjustment","10.1038/s41562-019-0644-0","https://doi.org/10.6084/m9.figshare.c.4283567",""
"32I6QUS9","new",2025,"Journal Of Personality And Social Psychology","Tidwell, Colin A.; Danvers, Alexander F.; Pfeifer, Valeria A.; Abel, Danielle B.; Alisic, Eva; Beer, Andrew; Bierstetel, Sabrina J.; Bollich-Ziegler, Kathryn L.; Bruni, Michelle; Calabrese, William R.; Chiarello, Christine; Demiray, Burcu; Dimidjian, Sona; Fingerman, Karen L.; Haas, Maximilian; Kaplan, Deanna M.; Kim, Yijung K.; Knezevic, Goran; Lazarevic, Ljiljana B.; Luo, Minxia; Macbeth, Alessandra; Manson, Joseph H.; Mascaro, Jennifer S.; Metcalf, Christina; Minor, Kyle S.; Moseley, Suzanne; Polsinelli, Angelina J.; Raison, Charles L.; Rilling, James K.; Robbins, Megan L.; Sbarra, David; Slatcher, Richard B.; Sun, Jessie; Vasileva, Mira; Vazire, Simine; Mehl, Matthias R.","Are Women Really (Not) More Talkative Than Men? A Registered Report of Binary Gender Similarities/Differences in Daily Word Use","10.1037/pspp0000534","https://osf.io/d6t53/overview",""
"9UPDP957","new",2024,"Infant And Child Development","Woods, Adrienne D.; Jiao, June L. L.; Morgan, Paul L.; Buxton, Orfeu M.","Is sleep longitudinally related to children's achievement, executive function and classroom behaviour?","10.1002/icd.2426","https://osf.io/6h9r3/overview",""
"MBWMMP6V","new",2025,"Journal Of Experimental Social Psychology","Muller-Boysen, Thekla; Pirla, Sergio; Pfattheicher, Stefan","On the relation between boredom and social behavior: A registered report","10.1016/j.jesp.2025.104804","https://osf.io/cav4d/files/a7smq","not formally registered"
"1074","liu",2023,"Cortex","Fürtjes, Anna E.; Cole, James H.; Couvy-Duchesne, Baptiste; Ritchie, Stuart J.","A quantified comparison of cortical atlases on the basis of trait morphometricity","10.1016/j.cortex.2022.11.001","https://osf.io/dkw9t/overview",""
"1002","liu",2019,"Nature Human Behaviour","Brannon, Skylar M.; Carr, Sarah; Jin, Ellie Shuo; Josephs, Robert A.; Gawronski, Bertram","Exogenous testosterone increases sensitivity to moral norms in moral dilemma judgements","10.1038/s41562-019-0641-3","https://osf.io/rysbe/files/n3suw",""
"1079","liu",2023,"Cortex","D'Agostini, Martina; Burger, Andreas M.; Franssen, Mathijs; Perkovic, Ana; Claes, Stephan; Von Leupoldt, Andreas; Murphy, Peter R.; Van Diest, Ilse","Short bursts of transcutaneous auricular vagus nerve stimulation enhance evoked pupil dilation as a function of stimulation parameters","10.1016/j.cortex.2022.11.012","https://osf.io/wvt9y/overview",""
"1128","liu",2019,"Cognitive Research: Principles And Implications","Beanland, Vanessa; Wynne, Rachael A.","Effects of roadside memorials on drivers’ risk perception and eye movements","10.1186/s41235-019-0184-1","https://doi.org/10.6084/m9.figshare.6181937",""
"1097","liu",2023,"Cortex","Tröndle, Marius; Popov, Tzvetan; Pedroni, Andreas; Pfeiffer, Christian; Barańczuk-Turska, Zofia; Langer, Nicolas","Decomposing age effects in EEG alpha power","10.1016/j.cortex.2023.02.002","https://osf.io/fb6pc/overview",""
"1080","liu",2019,"Cortex","Ching, April Shi Min; Kim, Jeesun; Davis, Chris","Auditory–visual integration during nonconscious perception","10.1016/j.cortex.2019.02.014","https://osf.io/sbntf/overview",""
"1206","liu",2025,"Psychology & Health","Pluta, Kathryn; More, Kimberly R.; Phillips, L. Alison","Predicting implicit and explicit exercise identity from descriptive social norms regarding exercise","10.1080/08870446.2022.2156580","https://osf.io/x9kvh/overview",""
"1231","liu",2022,"Experimental Psychology","Luna, Karlos; Albuquerque, Pedro B.","Do Beliefs About Font Size Affect Retrospective Metamemory Judgments in Addition to Prospective Judgments?","10.1027/1618-3169/a000549","https://osf.io/z62gk/files/w9cfq","Stage 1 not formally registered"
"G4VLFQU4","new",2023,"Journal Of Experimental Social Psychology","Wenzel, Mario; Rowland, Zarah; Nielsen, Kristian Steensen; Lange, Florian","Too much praise for reappraisal? Examining reappraisal's impact on threat mitigation depending on its implementation: A registered report","10.1016/j.jesp.2023.104475","https://osf.io/9v6z7/overview",""
"1196","liu",2020,"Psychonomic Bulletin & Review","Tzavella, Loukia; Maizey, Leah; Lawrence, Andrew D.; Chambers, Christopher D.","The affective priming paradigm as an indirect measure of food attitudes and related choice behaviour","10.3758/s13423-020-01764-1","https://osf.io/y2tus/overview",""
"WSVNWNAW","new",2025,"Psychology Of Addictive Behaviors","King, Kevin M.; Dora, Jonas; Schultz, Megan; McCabe, Connor J.; Lee, Christine M.; Shoda, Yuichi; Fairlie, Anne M.; Litt, Dana M.; Lewis, Melissa A.; Patrick, Megan E.; Smith, Gregory T.","Within-Day Associations Between Affect and Intentions to Drink Alcohol in Adolescents and Young Adults: A Registered Report","10.1037/adb0001074","https://osf.io/eu29a/overview",""
"1102","liu",2022,"Psychology Of Addictive Behaviors","Grubbs, Joshua B.; Floyd, Christopher G.; Griffin, Kaelyn R.; Jennings, Todd L.; Kraus, Shane W.","Moral incongruence and addiction: A registered report.","10.1037/adb0000876","https://osf.io/npk9x/overview",""
"1045","liu",2020,"Journal Of Experimental Social Psychology","Landwehr, Jan R.; Eckmann, Lisa","The nature of processing fluency: Amplification versus hedonic marking","10.1016/j.jesp.2020.103997","https://osf.io/kbmf5/registrations",""
"4H2JWJ9B","new",2025,"Infant And Child Development","Mather, Emily; Lindsay, Shane","How Well Do Children Remember Fast-Mapped Words? A Pre-Registered Meta-Analysis of Retention Following the Mutual Exclusivity Response","10.1002/icd.70019","https://osf.io/gx7rf/overview","had to consult full text to determine was stage 2 registered report"
"1006","liu",2021,"Nature Human Behaviour","Eldar, Eran; Felso, Valkyrie; Cohen, Jonathan D.; Niv, Yael","A pupillary index of susceptibility to decision biases","10.1038/s41562-020-01006-3","https://doi.org/10.6084/m9.figshare.c.4368452",""
"1063","liu",2021,"Psychology Of Sport And Exercise","McNeill, Eoghan; Toth, Adam J.; Ramsbottom, Niall; Campbell, Mark J.","Self-modelled versus skilled-peer modelled AO+MI effects on skilled sensorimotor performance: A stage 2 registered report","10.1016/j.psychsport.2021.101910","https://doi.org/10.1016/j.psychsport.2020.101683",""
"TASIGNHQ","new",2023,"Cortex","Szaszi, Barnabas; Palfi, Bence; Neszveda, Gabor; Taka, Aikaterini; Szecsi, Peter; Blattman, Christopher; Jamison, Julian C.; Sheridan, Margaret","Does alleviating poverty increase cognitive performance? Short- and long-term evidence from a randomized controlled trial","10.1016/j.cortex.2023.07.009","https://osf.io/k56yv/overview",""
"1070","liu",2020,"Cortex","Scullin, Michael K.; Ball, B. Hunter; Bugg, Julie M.","Structural correlates of commission errors in prospective memory","10.1016/j.cortex.2019.10.013","https://osf.io/pqv9j/files/twzq2",""
"1137","liu",2023,"Collabra","Xiao, Leon Y.","Breaking Ban: Belgium’s Ineffective Gambling Law Regulation of Video Game Loot Boxes","10.1525/collabra.57641","https://osf.io/5mxp6/overview",""
"1167","liu",2019,"Judgment And Decision Making","Zgonnikov, Arkady; Atiya, Nadim A. A.; O’Hora, Denis; Rañò, Iñaki; Wong-Lin, KongFatt","Beyond reach: Do symmetric changes in motor costs affect decision making? A registered report","10.1017/S1930297500006136","https://osf.io/c3xgn/overview",""
"BVJUAWCI","new",2023,"Nature Human Behaviour","Nichols, Aaron D.; Axt, Jordan; Gosnell, Evelyn; Ariely, Dan","A field study of the impacts of workplace diversity on the recruitment of minority group members","10.1038/s41562-023-01731-5","https://doi.org/10.6084/m9.figshare.14043368.v1","mention pilot study but not reported on"
"1061","liu",2021,"Developmental Science","Havron, Naomi; Babineau, Mireille; Christophe, Anne","18-month-olds fail to use recent experience to infer the syntactic category of novel words","10.1111/desc.13030","https://osf.io/ujesx/files/rde4z","not formally registered"
"1125","liu",2020,"Cognitive Research: Principles And Implications","Liu, Huanxu; Yang, Jingwen; Yamada, Yuki","Heat and fraud: evaluating how room temperature influences fraud likelihood","10.1186/s41235-020-00261-2","https://osf.io/av9px/overview",""
"CSBDFYPH","new",2025,"Psychonomic Bulletin & Review","Ruzzante, Federica; Cevolani, Gustavo; Panizza, Folco","Scrolling to wisdom: The impact of social media news exposure on knowledge perception","10.3758/s13423-025-02786-3","https://osf.io/dc3ab/files/dvtm6","not formally registered"
"7DDB47IR","new",2024,"British Journal Of Psychology","Silverstein, Priya; Pennington, Charlotte R.; Branney, Peter; O'Connor, Daryl B.; Lawlor, Emma; O'Brien, Emer; Lynott, Dermot","A registered report survey of open research practices in psychology departments in the UK and Ireland","10.1111/bjop.12700","https://osf.io/xcdnt/files/waet9","not formally registered; info is also included as appendix in article"
"1098","liu",2022,"Evolution And Human Behavior","Fan, Lei; Tybur, Joshua M.; Jones, Benedict C.","Are people more averse to microbe-sharing contact with ethnic outgroup members? A registered report","10.1016/j.evolhumbehav.2022.08.007","https://osf.io/6rgf4/overview",""
"1227","liu",2023,"Quarterly Journal Of Experimental Psychology","Yüvrük, Elif; Starns, Jeffrey; Kapucu, Aycan","Does misremembering drive false alarms for emotional lures? A diffusion model investigation","10.1177/17470218221137347","https://osf.io/f7a4j/files/4bqzh","Stage 1 not formally registered"
"1149","liu",2020,"International Journal Of Psychophysiology","Morriss, Jayne; Biagi, Nicolò; Dodd, Helen","Your guess is as good as mine: A registered report assessing physiological markers of fear and anxiety to the unknown in individuals with varying levels of intolerance of uncertainty","10.1016/j.ijpsycho.2020.07.009","https://osf.io/v2zgb/registrations",""
"1109","liu",2019,"Journal Of Research In Personality","Ludwig, Rita M.; Flournoy, John C.; Berkman, Elliot T.","Inequality in personality and temporal discounting across socioeconomic status? Assessing the evidence","10.1016/j.jrp.2019.05.003","https://osf.io/sm52z/overview",""
"1122","liu",2020,"Cognitive Research: Principles And Implications","Morrison, Alexandra B.; Richmond, Lauren L.","Offloading items from memory: individual differences in cognitive offloading in a short-term memory task","10.1186/s41235-019-0201-4","https://osf.io/aq5ft/files/j56n2","Stage 1 not formally registered"
"UP2TRAT3","new",2025,"Nature Human Behaviour","Fassi, Luisa; Ferguson, Amanda M.; Przybylski, Andrew K.; Ford, Tamsin J.; Orben, Amy","Social media use in adolescents with and without mental health conditions","10.1038/s41562-025-02134-4","https://figshare.com/s/730e3b0d4da82e9b6a46?file=43804872",""
"1124","liu",2022,"Cognitive Research: Principles And Implications","Lubczyk, Till; Lukács, Gáspár; Ansorge, Ulrich","Speed versus accuracy instructions in the response time concealed information test","10.1186/s41235-021-00352-8","https://osf.io/c9e5b/overview","found link in registry"
"1042","liu",2023,"Journal Of Experimental Social Psychology","Macpherson, M.C.; Miles, L.K.","Synchrony and mental health: Investigating the negative association between interpersonal coordination and subclinical variation in autism and social anxiety","10.1016/j.jesp.2022.104439","https://osf.io/nqat5/registrations",""
"4MHRFYCL","new",2025,"Journal Of Experimental Social Psychology","Weinstein, Netta; Itzchakov, Guy","Empathic listening satisfies speakers' psychological needs and well-being, but doesn't directly deepen solitude experiences: A registered report☆","10.1016/j.jesp.2024.104716","https://osf.io/h32wy/files/s78at?view_only=6ba9591870f14322ac81b97586146a4a",""
"1194","liu",2022,"Psychonomic Bulletin & Review","Henderson, Emma L.; Westwood, Samuel J.; Simons, Daniel J.","A reproducible systematic map of research on the illusory truth effect","10.3758/s13423-021-01995-w","https://osf.io/ar4hm/overview",""
"1078","liu",2022,"Cortex","Teichmann, Lina; Moerel, Denise; Rich, Anina N.; Baker, Chris I.","The nature of neural object representations during dynamic occlusion","10.1016/j.cortex.2022.04.009","https://osf.io/tp2ad/overview",""
"PBKP9265","new",2025,"Cortex","Dymarska, Agata; Connell, Louise","Sensorimotor effects in surprise word memory-A registered report","10.1016/j.cortex.2025.03.010","https://osf.io/ck5bg/overview",""
"8M4WKBMC","new",2025,"Psychology & Health","Sezer, Berke; Ntoumanis, Nikos; Riddell, Hugh; Gucciardi, Daniel F.","An experimental investigation of daily mental contrasting with implementation intentions and goal motives in reducing bedtime procrastination: a registered report","10.1080/08870446.2025.2491593","https://osf.io/yvm9s/overview",""
"1209","liu",2019,"Attention, Perception, And Psychophysics","Brown, Violet A.; Strand, Julia F.","Paying attention to audiovisual speech: Do incongruent stimuli incur greater costs?","10.3758/s13414-019-01772-x","https://osf.io/8t7an/overview",""
"1104","liu",2024,"Psychology Of Addictive Behaviors","Dora, Jonas; Kuczynski, Adam M.; Schultz, Megan E.; Acuff, Samuel F.; Murphy, James G.; King, Kevin M.","An experimental investigation into the effect of negative affect on the behavioral economic demand for alcohol","10.1037/adb0000984","https://osf.io/strbv/files/c39up","Stage 1 not formally registered, but there is a briefer prereg"
"QUWN7JXK","new",2026,"Memory","Pillai, Raunak M.; Arshad, Suha; Fazio, Lisa K.","How prior knowledge and statement truth affect retrieval experiences over time","10.1080/09658211.2025.2584452","https://osf.io/9sr47/files/v9a4e","not formally registered, authors mention replicating a phenomenon but not a direct replication"
"VN38WDXX","new",2025,"Nature Human Behaviour","Buchanan, Erin M.; Cuccolo, Kelly; Heyman, Tom; van Berkel, Niels; Coles, Nicholas A.; Iyer, Aishwarya; Peters, Kim; van't Veer, A. E.; Montefinese, Maria; Maxwell, Nicholas P.; Taylor, Jack E.; Valentine, Kathrene D.; Arriaga, Patricia; Barzykowski, Krystian; Boucher, Leanne; Collins, W. Matthew; Vaidis, David C.; Aczel, Balazs; Al-Hoorie, Ali H.; Ambrosini, Ettore; Besson, Theo; Burin, Debora I.; Butt, Muhammad Mussaffa; Clarke, A. J. Benjamin; Daryani, Yalda; El-Dakhs, Dina Abdel Salam; Elsherif, Mahmoud M.; Fernandez-Lopez, Maria; Ferreira, Paulo Roberto dos Santos; Freitag, Raquel Meister Ko; Gattei, Carolina A.; Godbersen, Hendrik; Grim, Philip A.; Halama, Peter; Havan, Patrik; Irrazabal, Natalia C.; Isloi, Chris; Iversen, Rebecca Kvisler; Julliard, Yoann; Karaaslan, Aslan; Kohut, Michal; Kohutova, Veronika; Kos, Julija; Kosachenko, Alexandra I.; de Lima, Tiago Jesse Souza; Mak, Matthew H. C.; Manouilidou, Christina; Marciaga, Leonardo A.; Melinna, Xiaolin Melinna; Miranda, Jacob Francisco; Morvinski, Coby; Muppoor, Aishwarya; Muejdeci, F. Elif; Nielsen, Yngwie A.; Oliveros, Juan Carlos; Onic, Jas; Papadatou-Pastou, Marietta; Patel, Ishani; Pavlovic, Zoran; Pazon, Blaz; Pfuhl, Gerit; Pronizius, Ekaterina; Roettger, Timo B.; Ronderos, Camilo R.; Ruiz-Fernandez, Susana; Senderecka, Magdalena; Solak, Caglar; Stueckler, Anna; Szekely-Copindean, Raluca D.; Taboh, Anali R.; Theriault, Remi; Tran, Ulrich S.; Trecca, Fabio; Ulloa, Jose Luis; Varga, Marton A.; Verheyen, Steven; Pavlovic, Tijana Vesic; Viviani, Giada; Wang, Nan; Zivna, Kristyna; Yun, Chen Chu; Clark, Oliver James; Acar, Oguz A.; Adamkovic, Matus; Agnoletti, Giulia; Akil, Atakan M.; Alsuhaibani, Zainab; Amenta, Simona; Ananyeva, Olga A.; Andreychik, Michael; Angele, Bernhard; Arias Quinones, Danna Catalina; Arinze, Nwadiogo Chisom; Askelund, Adrian Dahl; Baker, Bradley J.; Baskin, Ernest; Batalha, Luisa; Batres, Carlota; Beato, Maria Soledad; Becker, Manuel; Becker, Maja; Behnke, Maciej; Blaison, Christophe; Borghi, Anna M.; Brandstaetter, Eduard; Buczny, Jacek; Budak, Nesrin; Cabana, Alvaro; Cai, Zhenguang G.; Canessa, Enrique C.; Cavdan, Muege; Cecchetti, Luca; Chaigneau, Sergio E.; Chang, Feria X. W.; Chartier, Christopher R.; Chen, Sau-Chin; Cherniaeva, Elena; Christiansen, Morten H.; Chuan-Peng, Hu; Chwilkowska, Patrycja; Comesana, Montserrat; Cong, Chin Wen; Cowan, Casey; Dandeneau, Stephane Daniel; David, Oana A.; Davis, William E.; Demirag Burak, Elif Gizem; Dixson, Barnaby James Wyld; Du, Hongfei; Duclos, Rod; Duyck, Wouter; Efimova, Liudmila A.; Egan, Ciara; Era, Vanessa; Evans, Thomas R.; Exner, Anna; Feldman, Gilad; Fellnhofer, Katharina; Fini, Chiara; Fisher, Sarah E.; Flowe, Heather D.; Garrido-Vasquez, Patricia; Gatti, Daniele; Geller, Jason; Giannouli, Vaitsa; Gorokhova, Anna Sergeevna; Griener, Lindsay M.; Grigoryev, Dmitry; Grossmann, Igor; Ghasemi, Hesam; Handjaras, Giacomo; Hauspie, Cathy; He, Zhiran; Heilman, Renata M.; Heydari, Amirmahdi; Hine, Alanna M.; Hoyer, Karlijn; Hryniszak, Weronika; Hsiao, Janet Hui-wen; Huang, Guanxiong; Ihaya, Keiko; Ilczuk, Ewa; Ishii, Tatsunori; Dumbrava, Andrei; Jankowiak, Katarzyna; Jiang, Xiaoming; Johnson, David C.; Jonczyk, Rafal; Jaervikivi, Juhani; Kaczer, Laura; Kamermans, Kevin Leander; Karl, Johannes A.; Karner, Alexander; Kacmar, Pavol; Keech, Jacob J.; Kim, M. Justin; Korbmacher, Max; Kostorz, Kathrin; Kowal, Marta; Kratochvil, Tomas; Kunisato, Yoshihiko; Kuzminska, Anna O.; Koertvelyessy, Livia; Koese, Fatma Ebru; Koester, Massimo; Kekus, Magdalena; Labusch, Melanie; Lamm, Claus; Lau, Chaak Ming; Laurino, Julieta; Law, Wilbert; Lettieri, Giada; Levitan, Carmel A.; Lu, Jackson G.; MacPherson, Sarah E.; Malinakova, Klara; Manriquez-Robles, Diego; Marchant, Nicolas; Marelli, Marco; Martinez, Martin; Matthews, Molly F.; Mattiassi, Alan D. A.; Mattoli-Sanchez, Josefina; Mazzuca, Claudia; McGovern, David P.; Meier, Zdenek; Melinscak, Filip; Misiak, Michal; Monteiro, Luis Carlos Pereira; Moreau, David; Moreno, Sebastian; Mulgrew, Kate E.; Muller, Dominique; Nagy, Tamas; Naranowicz, Marcin; Ndukaihe, Izuchukwu L. G.; Neta, Maital; Novak, Lukas; Ogbonnaya, Chisom Esther; Paek, Jessica Jee Won; Paltoglou, Aspasia Eleni; Parada, Francisco J.; Parker, Adam J.; Paruzel-Czachura, Mariola; Pavlov, Yuri G.; Paydarfard, Saeed; Pegler, Dominik; Peker, Mehmet; Perea, Manuel; Pfattheicher, Stefan; Protzko, John; Prusova, Irina Sergeevna; Pypno-Blajda, Katarzyna; Qiu, Zhuang; Reips, Ulf-Dietrich; Ribeiro, Gianni; Rinaldi, Luca; Roberts, S. Craig; Roembke, Tanja C.; Romanova, Marina O.; Ross, Robert M.; Roeer, Jan Philipp; Rizaoglu, Filiz; Saari, Toni T.; Sampaolo, Erika; Santos, Anabela Caetano; Saricicek, F. Caglar; Sasaki, Kyoshiro; Scharnowski, Frank; Schmidt, Kathleen; Sepehri, Amir; Serce, Halid O.; Sevincer, A. Timur; Siew, Cynthia S. Q.; Simonetti, Matilde Ellen; Sirota, Miroslav; Sorokowska, Agnieszka; Sorokowski, Piotr; Stephen, Ian D.; Stevens, Laura M.; Stewart, Suzanne L. K.; Steyrl, David; Stieger, Stefan; Studzinska, Anna; Suarez, Mar; Szala, Anna; Szmalec, Arnaud; Sznycer, Daniel; Szumowska, Ewa; Soeylemez, Sinem; Soeylemez, Bahadir; Takashima, Kaito; Tamnes, Christian K.; Tan, Joel C. R.; Tang, Chengxiang; Tavel, Peter; Tejada, Julian; Thompson, Benjamin C.; Tiernan, Jake G.; Torres-Munoz, Vicente; Touloumakos, Anna K.; Tremoliere, Bastien; Tschense, Monika; Tuerkan, Belguezar Nilay; Vadillo, Miguel A.; Vannucci, Caterina; Varnum, Michael E. W.; Vasilev, Martin R.; Vaughn, Leigh Ann; Verkampt, Fanny; Villar, Liliana M.; Wallot, Sebastian; Wang, Lijun; Wang, Ke; Williams, Glenn Patrick; Willinger, David; Wolfe, Kelly; Wormley, Alexandra S.; Yamada, Yuki; Yang, Yunkai; Zhou, Yuwei; Zhang, Mengfan; Zheng, Wang; Zheng, Yueyuan; Zhou, Chenghao; Zidkova, Radka; Zumbrunn, Nina Meret; Coker, Ogeday; Coksan, Sami; Oner, Sezin; Ozdogru, Asil Ali; Sahin, Seda Merve; Kasanov, Dauren; Arvanitis, Alexios; Brick, Cameron; Colloff, Melissa F.; Gallyamova, Albina; Koch, Christopher; Ropovik, Ivan; Zhang, Yucheng; Zhou, Xingxing; Patel, Sneh; Suchow, Jordan W.; Lewis, Savannah C.","Measuring the semantic priming effect across many languages","10.1038/s41562-025-02254-x","https://osf.io/u5bp6/overview",""
"4KGLBKIK","new",2025,"Journal Of Experimental Social Psychology","Amarasekera, Anurada U.; Travis, Kelton L.; Castaneto, Kristina K.; Cash, Tiara A.; Aknin, Lara B.","What types of gratitude expressions promote prosocial behavior?: A registered report","10.1016/j.jesp.2025.104805","https://osf.io/tacf8/files/nhc4w","Stage 1 not formally registered, but each study was registered on aspredicted"
"B8BNDNY3","new",2024,"Psychology Of Sport And Exercise","Brito, Henrique; Lopes, Henrique; de Carvalho, Margarida Vaz; Carrilho, Daniel; Carvalho, Adriano; Araujo, Duarte","The effects of nature-based vs. indoor settings on the adaptability, performance and affect of calisthenics exercisers. A registered report","10.1016/j.psychsport.2024.102626","https://clinicaltrials.gov/study/NCT05090501?id=NCT05090501&viewType=Card&rank=1",""
"7ZL7SQSN","new",2024,"Cortex","Chenot, Quentin; Hamery, Caroline; Truninger, Moritz; Langer, Nicolas; De Boissezon, Xavier; Scannella, Sebastien","Investigating the relationship between resting-state EEG microstates and executive functions: A null finding","10.1016/j.cortex.2024.05.019","https://osf.io/v2xpy/overview",""
"1010","liu",2021,"Nature Human Behaviour","Wang, Ke; Goldenberg, Amit; Dorison, Charles A.; Miller, Jeremy K.; Uusberg, Andero; Lerner, Jennifer S.; Gross, James J.; Agesin, Bamikole Bamikole; Bernardo, Márcia; Campos, Olatz; Eudave, Luis; Grzech, Karolina; Ozery, Daphna Hausman; Jackson, Emily A.; Garcia, Elkin Oswaldo Luis; Drexler, Shira Meir; Jurković, Anita Penić; Rana, Kafeel; Wilson, John Paul; Antoniadi, Maria; Desai, Kermeka; Gialitaki, Zoi; Kushnir, Elizaveta; Nadif, Khaoula; Bravo, Olalla Niño; Nauman, Rafia; Oosterlinck, Marlies; Pantazi, Myrto; Pilecka, Natalia; Szabelska, Anna; Van Steenkiste, I. M. M.; Filip, Katarzyna; Bozdoc, Andreea Ioana; Marcu, Gabriela Mariana; Agadullina, Elena; Adamkovič, Matúš; Roczniewska, Marta; Reyna, Cecilia; Kassianos, Angelos P.; Westerlund, Minja; Ahlgren, Lina; Pöntinen, Sara; Adetula, Gabriel Agboola; Dursun, Pinar; Arinze, Azuka Ikechukwu; Arinze, Nwadiogo Chisom; Ogbonnaya, Chisom Esther; Ndukaihe, Izuchukwu L. G.; Dalgar, Ilker; Akkas, Handan; Macapagal, Paulo Manuel; Lewis, Savannah; Metin-Orta, Irem; Foroni, Francesco; Willis, Megan; Santos, Anabela Caetano; Mokady, Aviv; Reggev, Niv; Kurfali, Merve A.; Vasilev, Martin R.; Nock, Nora L.; Parzuchowski, Michal; Espinoza Barría, Mauricio F.; Vranka, Marek; Kohlová, Markéta Braun; Ropovik, Ivan; Harutyunyan, Mikayel; Wang, Chunhui; Yao, Elvin; Becker, Maja; Manunta, Efisio; Kaminski, Gwenael; Boudesseu, Jordane; Marko, Dafne; Evans, Kortnee; Lewis, David M. G.; Findor, Andrej; Landry, Anais Thibault; Aruta, John Jamir Benzon; Ortiz, Manuel S.; Vally, Zahir; Pronizius, Ekaterina; Voracek, Martin; Lamm, Claus; Grinberg, Maurice; Li, Ranran; Valentova, Jaroslava Varella; Mioni, Giovanna; Cellini, Nicola; Chen, Sau-Chin; Zickfeld, Janis; Moon, Karis; Azab, Habiba; Levy, Neil; Karababa, Alper; Beaudry, Jennifer L.; Boucher, Leanne; Collins, W. Matthew; Todsen, Anna Louise; Van Schie, Kevin; Vintr, Jáchym; Bavolar, Jozef; Kaliska, Lada; Križanić, Valerija; Samojlenko, Lara; Pourafshari, Razieh; Geiger, Sandra J.; Beitner, Julia; Warmelink, Lara; Ross, Robert M.; Stephen, Ian D.; Hostler, Thomas J.; Azouaghe, Soufian; McCarthy, Randy; Szala, Anna; Grano, Caterina; Solorzano, Claudio Singh; Anjum, Gulnaz; Jimenez-Leal, William; Bradford, Maria; Pérez, Laura Calderón; Cruz Vásquez, Julio E.; Galindo-Caballero, Oscar J.; Vargas-Nieto, Juan Camilo; Kácha, Ondřej; Arvanitis, Alexios; Xiao, Qinyu; Cárcamo, Rodrigo; Zorjan, Saša; Tajchman, Zuzanna; Vilares, Iris; Pavlacic, Jeffrey M.; Kunst, Jonas R.; Tamnes, Christian K.; Von Bastian, Claudia C.; Atari, Mohammad; Sharifian, MohammadHasan; Hricova, Monika; Kačmár, Pavol; Schrötter, Jana; Rahal, Rima-Maria; Cohen, Noga; FatahModares, Saeideh; Zrimsek, Miha; Zakharov, Ilya; Koehn, Monica A.; Esteban-Serna, Celia; Calin-Jageman, Robert J.; Krafnick, Anthony J.; Štrukelj, Eva; Isager, Peder Mortvedt; Urban, Jan; Silva, Jaime R.; Martončik, Marcel; Očovaj, Sanja Batić; Šakan, Dušana; Kuzminska, Anna O.; Djordjevic, Jasna Milosevic; Almeida, Inês A. T.; Ferreira, Ana; Lazarevic, Ljiljana B.; Manley, Harry; Ricaurte, Danilo Zambrano; Monteiro, Renan P.; Etabari, Zahra; Musser, Erica; Dunleavy, Daniel; Chou, Weilun; Godbersen, Hendrik; Ruiz-Fernández, Susana; Reeck, Crystal; Batres, Carlota; Kirgizova, Komila; Muminov, Abdumalik; Azevedo, Flavio; Alvarez, Daniela Serrato; Butt, Muhammad Mussaffa; Lee, Jeong Min; Chen, Zhang; Verbruggen, Frederick; Ziano, Ignazio; Tümer, Murat; Charyate, Abdelilah C. A.; Dubrov, Dmitrii; Tejada Rivera, María Del Carmen M. C.; Aberson, Christopher; Pálfi, Bence; Maldonado, Mónica Alarcón; Hubena, Barbora; Sacakli, Asli; Ceary, Chris D.; Richard, Karley L.; Singer, Gage; Perillo, Jennifer T.; Ballantyne, Tonia; Cyrus-Lai, Wilson; Fedotov, Maksim; Du, Hongfei; Wielgus, Magdalena; Pit, Ilse L.; Hruška, Matej; Sousa, Daniela; Aczel, Balazs; Hajdu, Nandor; Szaszi, Barnabas; Adamus, Sylwia; Barzykowski, Krystian; Micheli, Leticia; Schmidt, Nadya-Daniela; Zsido, Andras N.; Paruzel-Czachura, Mariola; Muda, Rafał; Bialek, Michal; Kowal, Marta; Sorokowska, Agnieszka; Misiak, Michal; Mola, Débora; Ortiz, María Victoria; Correa, Pablo Sebastián; Belaus, Anabel; Muchembled, Fany; Ribeiro, Rafael R.; Arriaga, Patricia; Oliveira, Raquel; Vaughn, Leigh Ann; Szwed, Paulina; Kossowska, Małgorzata; Czarnek, Gabriela; Kielińska, Julita; Antazo, Benedict; Betlehem, Ruben; Stieger, Stefan; Nilsonne, Gustav; Simonovic, Nicolle; Taber, Jennifer; Gourdon-Kanhukamwe, Amélie; Domurat, Artur; Ihaya, Keiko; Yamada, Yuki; Urooj, Anum; Gill, Tripat; Čadek, Martin; Bylinina, Lisa; Messerschmidt, Johanna; Kurfalı, Murathan; Adetula, Adeyemi; Baklanova, Ekaterina; Albayrak-Aydemir, Nihan; Kappes, Heather B.; Gjoneska, Biljana; House, Thea; Jones, Marc V.; Berkessel, Jana B.; Chopik, William J.; Çoksan, Sami; Seehuus, Martin; Khaoudi, Ahmed; Bokkour, Ahmed; El Arabi, Kanza Ait; Djamai, Ikhlas; Iyer, Aishwarya; Parashar, Neha; Adiguzel, Arca; Kocalar, Halil Emre; Bundt, Carsten; Norton, James O.; Papadatou-Pastou, Marietta; De La Rosa-Gomez, Anabel; Ankushev, Vladislav; Bogatyreva, Natalia; Grigoryev, Dmitry; Ivanov, Aleksandr; Prusova, Irina; Romanova, Marina; Sarieva, Irena; Terskova, Maria; Hristova, Evgeniya; Kadreva, Veselina Hristova; Janak, Allison; Schei, Vidar; Sverdrup, Therese E.; Askelund, Adrian Dahl; Pineda, Lina Maria Sanabria; Krupić, Dajana; Levitan, Carmel A.; Johannes, Niklas; Ouherrou, Nihal; Say, Nicolas; Sinkolova, Sladjana; Janjić, Kristina; Stojanovska, Marija; Stojanovska, Dragana; Khosla, Meetu; Thomas, Andrew G.; Kung, Franki Y. H.; Bijlstra, Gijsbert; Mosannenzadeh, Farnaz; Balci, Busra Bahar; Reips, Ulf-Dietrich; Baskin, Ernest; Ishkhanyan, Byurakn; Czamanski-Cohen, Johanna; Dixson, Barnaby James Wyld; Moreau, David; Sutherland, Clare A. M.; Chuan-Peng, Hu; Noone, Chris; Flowe, Heather; Anne, Michele; Janssen, Steve M. J.; Topor, Marta; Majeed, Nadyanna M.; Kunisato, Yoshihiko; Yu, Karen; Daches, Shimrit; Hartanto, Andree; Vdovic, Milica; Anton-Boicuk, Lisa; Forbes, Paul A. G.; Kamburidis, Julia; Marinova, Evelina; Nedelcheva-Datsova, Mina; Rachev, Nikolay R.; Stoyanova, Alina; Schmidt, Kathleen; Suchow, Jordan W.; Koptjevskaja-Tamm, Maria; Jernsäther, Teodor; Olofsson, Jonas K.; Bialobrzeska, Olga; Marszalek, Magdalena; Tatachari, Srinivasan; Afhami, Reza; Law, Wilbert; Antfolk, Jan; Žuro, Barbara; Van Doren, Natalia; Soto, Jose A.; Searston, Rachel; Miranda, Jacob; Damnjanović, Kaja; Yeung, Siu Kit; Krupić, Dino; Hoyer, Karlijn; Jaeger, Bastian; Ren, Dongning; Pfuhl, Gerit; Klevjer, Kristoffer; Corral-Frías, Nadia S.; Frias-Armenta, Martha; Lucas, Marc Y.; Torres, Adriana Olaya; Toro, Mónica; Delgado, Lady Grey Javela; Vega, Diego; Solas, Sara Álvarez; Vilar, Roosevelt; Massoni, Sébastien; Frizzo, Thomas; Bran, Alexandre; Vaidis, David C.; Vieira, Luc; Paris, Bastien; Capizzi, Mariagrazia; Coelho, Gabriel Lins De Holanda; Greenburgh, Anna; Whitt, Cassie M.; Tullett, Alexa M.; Du, Xinkai; Volz, Leonhard; Bosma, Minke Jasmijn; Karaarslan, Cemre; Sarıoğuz, Eylül; Allred, Tara Bulut; Korbmacher, Max; Colloff, Melissa F.; Lima, Tiago J. S.; Ribeiro, Matheus Fernando Felix; Verharen, Jeroen P. H.; Karekla, Maria; Karashiali, Christiana; Sunami, Naoyuki; Jaremka, Lisa M.; Storage, Daniel; Habib, Sumaiya; Studzinska, Anna; Hanel, Paul H. P.; Holford, Dawn Liu; Sirota, Miroslav; Wolfe, Kelly; Chiu, Faith; Theodoropoulou, Andriana; Ahn, El Rim; Lin, Yijun; Westgate, Erin C.; Brohmer, Hilmar; Hofer, Gabriela; Dujols, Olivier; Vezirian, Kevin; Feldman, Gilad; Travaglino, Giovanni A.; Ahmed, Afroja; Li, Manyu; Bosch, Jasmijn; Torunsky, Nathan; Bai, Hui; Manavalan, Mathi; Song, Xin; Walczak, Radoslaw B.; Zdybek, Przemysław; Friedemann, Maja; Rosa, Anna Dalla; Kozma, Luca; Alves, Sara G.; Lins, Samuel; Pinto, Isabel R.; Correia, Rita C.; Babinčák, Peter; Banik, Gabriel; Rojas-Berscia, Luis Miguel; Varella, Marco A. C.; Uttley, Jim; Beshears, Julie E.; Thommesen, Katrine Krabbe; Behzadnia, Behzad; Geniole, Shawn N.; Silan, Miguel A.; Maturan, Princess Lovella G.; Vilsmeier, Johannes K.; Tran, Ulrich S.; Izquierdo, Sara Morales; Mensink, Michael C.; Sorokowski, Piotr; Groyecka-Bernard, Agata; Radtke, Theda; Adoric, Vera Cubela; Carpentier, Joelle; Özdoğru, Asil Ali; Joy-Gaba, Jennifer A.; Hedgebeth, Mattie V.; Ishii, Tatsunori; Wichman, Aaron L.; Röer, Jan Philipp; Ostermann, Thomas; Davis, William E.; Suter, Lilian; Papachristopoulos, Konstantinos; Zabel, Chelsea; Onie, Sandersan; Ebersole, Charles R.; Chartier, Christopher R.; Mallik, Peter R.; Urry, Heather L.; Buchanan, Erin M.; Coles, Nicholas A.; Primbs, Maximilian A.; Basnight-Brown, Dana M.; IJzerman, Hans; Forscher, Patrick S.; Moshontz, Hannah","A multi-country test of brief reappraisal interventions on emotions during the COVID-19 pandemic","10.1038/s41562-021-01173-x","https://doi.org/10.6084/m9.figshare.c.4878591",""
"1112","liu",2021,"Journal Of Research In Personality","Stern, Julia; Schild, Christoph; Jones, Benedict C.; DeBruine, Lisa M.; Hahn, Amanda; Puts, David A.; Zettler, Ingo; Kordsmeyer, Tobias L.; Feinberg, David; Zamfir, Dan; Penke, Lars; Arslan, Ruben C.","Do voices carry valid information about a speaker’s personality?","10.1016/j.jrp.2021.104092","https://osf.io/x4jzq/files/d8t43","Stage 1 not formally registered"
"7C3JCFGB","new",2025,"British Journal Of Health Psychology","Theodoropoulou, Andriana; Lisi, Matteo; Rolision, Jonathan; Sirota, Miroslav","The effects of communicating illness diagnostic and treatment information and C-reactive protein test results on people's antibiotic expectations","10.1111/bjhp.70020","https://osf.io/nvgck/files/3xhz4","not formally registered"
"1224","liu",2023,"Quarterly Journal Of Experimental Psychology","Ward, Emma V","Age and processing effects on perceptual and conceptual priming","10.1177/17470218221090128","https://osf.io/anfby/overview",""
"YIVMRZ9P","new",2025,"Developmental Science","James, Emma; Thompson, Paul A.; Bowes, Lucy; Nation, Kate","Language and Beyond: A Registered Report Examining Single and Multiple Risk Models of Later Reading Comprehension Weaknesses","10.1111/desc.70048","https://osf.io/hyzu5/overview",""
"VGZ682I6","new",2026,"British Journal Of Educational Psychology","Demkowicz, Ola; O'Brien, Annie; Hamilton, Suzanne; Burke, Lauren; Alemdar, Melek; Mason, Carla; Anderton, Molly; Nanda, Pratyasha; Corke Butters, Lily; Beissel, Felicitas; Lu, Yizhuo; Chatburn, Eleanor; Humphrey, Neil; Qualter, Pamela","Child and school staff perceptions and experiences of universal social and emotional learning curricula in context: A qualitative case study registered report examining `Passport Skills for Life'","10.1111/bjep.70065","https://osf.io/d6fgq/files/sw67p",""
"1203","liu",2022,"British Journal Of Educational Psychology","Rambo-Hernandez, Karen E.; Makel, Matthew C.; Peters, Scott J.; Worley, Cristina","Differential return on investment: Academic growth in mathematics and reading based on initial performance","10.1111/bjep.12479","https://osf.io/9zmak/files/k36hs","Stage 1 not formally registered"
"ALYEU8FV","new",2025,"Psychophysiology","Rawls, Eric; Sponheim, Scott R.","Oscillatory and Aperiodic Contributions to EEG Event-Related Time-Frequency Metrics During Cognitive Control and Reinforcement Processing: A Registered Report","10.1111/psyp.70073","https://osf.io/s3kpb/files/xgbqr",""
"VA7V264S","new",2023,"Cortex","Jones, Alexander; Silas, Jonathan; Anderson, Wayne; Ward, Emma, V","Null effects of temporal prediction on recognition memory but evidence for differential neural activity at encoding. A registered report","10.1016/j.cortex.2023.09.006","https://osf.io/x3umy/overview",""
"1210","liu",2024,"Attention, Perception, And Psychophysics","Goldenhaus-Manning, David T.; Cooper, Nicholas R.; Loaiza, Vanessa M.","Examining the role of attention during feature binding in visuospatial working memory","10.3758/s13414-023-02655-y","https://osf.io/jr3eh/files/yrm83","Stage 1 not formally registered"
"1135","liu",2021,"Collabra","Locke, Kenneth D; MacDonald, Geoff; Barni, Daniela; Reyes, Jose Alberto S; Morio, Hiroaki; Vargas-Flores, José de Jesús; Ibáñez-Reyes, Joselina; Mastor, Khairul A; Kamble, Shanmukh","Communal Motives Towards Parents and Perceived Self-Parent Agreement","10.1525/collabra.22165","https://osf.io/mtx68/overview",""
"1117","liu",2015,"Frontiers In Psychology","van ’t Veer, Anna E.; Gallucci, Marcello; Stel, Mariëlle; Beest, Ilja van","Unconscious deception detection measured by finger skin temperature and indirect veracity judgments—results of a registered report","10.3389/fpsyg.2015.00672","https://doi.org/10.3389/fpsyg.2014.00442","Stage 1 was published"
"X66P8AX9","new",2025,"Cortex","Clayson, Peter E.; Carbine, Kaylie A.; Shuford, John L.; Mcdonald, Julia B.; Larson, Michael J.","A registered report of preregistration practices in studies of electroencephalogram (EEG) and event-related potentials (ERPs): A first look at accessibility, adherence, transparency, and selection bias","10.1016/j.cortex.2025.02.008","https://osf.io/mxrvt/overview",""
"8S4WMPG7","new",2025,"Journal Of Research In Personality","Junkins, Eleanor J.; Briley, D. A.; Ogolsky, Brian G.; Derringer, Jaime","Registered Report Stage II: Does personality vary by relationship power? An investigation of satisfaction in diverse romantic partnerships","10.1016/j.jrp.2025.104597","https://osf.io/zukqh/overview",""
"ICI9B486","new",2023,"Cortex","Silas, Jonathan; Jones, Alexander; Yarrow, Kielan; Anderson, Wayne","Spatial attention is not affected by alpha or beta transcranial alternating current stimulation: A registered report","10.1016/j.cortex.2023.03.011","https://osf.io/p7ame/registrations",""
"VAPUI7GB","new",2025,"Journal Of Research In Personality","Conway, Christopher C.; Ilagan, Gabrielle S.; Rabasco, Ana; Lopez, Maria Martin; Goodrich, Molly; Kuehn, Kevin S.; King, Kevin M.","Registered Report Stage II: A within-person model of distress tolerance and non-suicidal self-injury among adults with recurrent self-injury","10.1016/j.jrp.2025.104623","https://osf.io/nz5q4/files/5upkt",""
"E3UX6IB3","new",2024,"British Journal Of Social Psychology","Gruber, Robert; Haefner, Michael; Kachel, Sven","Dressing up social psychology: Empirically investigating the psychological functions of clothing using the example of symbolic protection","10.1111/bjso.12700","https://osf.io/4yuz6/files/429br",""
"6SVZ2M34","new",2024,"Psychophysiology","Clayson, Peter E.; Rocha, Harold A.; McDonald, Julia B.; Baldwin, Scott A.; Larson, Michael J.","A registered report of a two-site study of variations of the flanker task: ERN experimental effects and data quality","10.1111/psyp.14607","https://osf.io/qt2zh/files/kub3m",""
"1005","liu",2020,"Nature Human Behaviour","Horne, Kristina S.; Filmer, Hannah L.; Nott, Zoie E.; Hawi, Ziarih; Pugsley, Kealan; Mattingley, Jason B.; Dux, Paul E.","Evidence against benefits from cognitive training and transcranial direct current stimulation in healthy older adults","10.1038/s41562-020-00979-5","https://osf.io/xhrwz/files/mqf3a",""
"1113","liu",2021,"Journal Of Research In Personality","Graham, Eileen K.; James, Bryan D.; Jackson, Kathryn L.; Willroth, Emily C.; Luo, Jing; Beam, Christopher R.; Pedersen, Nancy L.; Reynolds, Chandra A.; Katz, Mindy; Lipton, Richard B.; Boyle, Patricia; Wilson, Robert; Bennett, David A.; Mroczek, Daniel K.","A coordinated analysis of the associations among personality traits, cognitive decline, and dementia in older adulthood","10.1016/j.jrp.2021.104100","https://osf.io/32wgf/registrations",""
"BV9HAAVM","new",2024,"Psychophysiology","Lin, Ting-Yu; Cheng, Hao-Chien; Tsai, Yi-Luen; Liu, Hung-Wen; Hung, Tsung-Min","Effects of resistance exercises on inhibitory control and plasma epinephrine levels: A registered report of a crossover randomized controlled trial","10.1111/psyp.14489","https://osf.io/ehvyf/overview",""
"PCRIMF6K","new",2025,"Cortex","Leu, Chiara; Forest, Sebastien; Legrain, Valery; Liberati, Giulia","The effect of stimulus saliency on the modulation of ongoing neural oscillations related to thermonociception: A registered report","10.1016/j.cortex.2025.02.009","https://osf.io/qbrf2/overview",""
"RF7BK563","new",2024,"Legal And Criminological Psychology","Dudek, Iwona; Polczyk, Romuald","Memory distrust and suggestibility: A registered report","10.1111/lcrp.12249","https://osf.io/4evhq/files/4ztb6?view_only=1d7d03dddffe4a5caaba5bdfa8cbf597",""
"1226","liu",2023,"Quarterly Journal Of Experimental Psychology","Basanovic, Julian; Dondzilo, Laura; Rudaizky, Daniel; Van Bockstaele, Bram","Reliability and convergence of approach/avoidance bias assessment tasks in the food consumption domain","10.1177/17470218221108270","https://osf.io/kd5fn/overview",""
"1158","liu",2022,"Cognition And Emotion","Wirth, Maria; Voss, Andreas; Wirth, Stefan; Rothermund, Klaus","Affect dynamics and well-being: explanatory power of the model of intraindividual variability in affect (MIVA)","10.1080/02699931.2021.1993148","https://osf.io/rwfxg/files/rdh5b","not formally registered"
"1127","liu",2023,"Cognitive Research: Principles And Implications","McKinley, Geoffrey L.; Peterson, Daniel J.","Using objective measures to examine the effect of suspect-filler similarity on eyewitness identification performance","10.1186/s41235-023-00522-w","https://doi.org/10.1186/s41235-022-00442-1","Stage 1 was published"
"1071","liu",2020,"Cortex","Faiola, Eliana; Meyhöfer, Inga; Ettinger, Ulrich","Mechanisms of smooth pursuit eye movements in schizotypy","10.1016/j.cortex.2019.12.008","https://osf.io/m8ve5/overview",""
"RT3FYJ4F","new",2024,"Cortex","Fusco, Gabriele; Scandola, Michele; Lin, Hause; Inzlicht, Michael; Aglioti, Salvatore Maria","Modulating preferences during intertemporal choices through exogenous midfrontal transcranial alternating current stimulation: A registered report","10.1016/j.cortex.2023.09.019","https://osf.io/7v6ed/files/sgrb3",""
"1228","liu",2024,"Infant And Child Development","Duncan, Robert J.; Nordgren, Inga; Schmitt, Sara A.; Vandell, Deborah Lowe","Additive and synergistic relations of early mother–child and caregiver–child interactions and socioeconomic outcomes in adulthood","10.1002/icd.2406","https://osf.io/k9xad/overview",""
"1172","liu",2023,"Consciousness And Cognition","Wisniewski, David; Rigoni, Davide; Vermeylen, Luc; Braem, Senne; Abrahamse, Elger; Brass, Marcel","The impact of free will beliefs on implicit learning","10.1016/j.concog.2022.103448","https://osf.io/6s4yz/registrations",""
"2P8BBZSM","new",2024,"British Journal Of Educational Psychology","Laninga-Wijnen, Lydia; Pouwels, J. Loes; Giletta, Matteo; Salmivalli, Christina","Feeling better now? Being defended diminishes daily mood problems and self-blame in victims of bullying","10.1111/bjep.12717","https://osf.io/nghwm/files/d58bp","Stage 1 isn't an actual ""registration"" on OSF; it's just a file; BUT, they do have a separate registration that is like an ordinary preregistration (https://osf.io/hv5s2/overview)"
"T5WWM3SG","new",2026,"Journal Of Experimental Social Psychology","Zhao, Chenxiao; Noordewier, Marret K.; van Elk, Michiel","Effects of awe on self-transcendence: A registered report study☆","10.1016/j.jesp.2025.104839","https://osf.io/4shdb/registrations",""
"1094","liu",2022,"Cortex","Vicente-Conesa, Francisco; Giménez-Fernández, Tamara; Shanks, David R.; Vadillo, Miguel A.","The role of working memory in contextual cueing of visual attention","10.1016/j.cortex.2022.05.019","https://osf.io/8ypxt/overview","not a direct replication, instead replicating a paradigm/effect"
"1177","liu",2021,"Memory","Marr, Carey; Sauerland, Melanie; Otgaar, Henry; Quaedflieg, Conny W.E.M.; Hope, Lorraine","Mitigating the negative effects of retrieval stress on memory: an arousal reappraisal intervention","10.1080/09658211.2021.1893750","https://osf.io/8a9sq/files/j9f6b","Stage 1 not formally registered"
"K69CH9J8","new",2025,"Psychology & Health","Sezer, Berke; Gucciardi, Daniel F.; Ntoumanis, Nikos; Riddell, Hugh","Investigating the role of goal motives in predicting bedtime procrastination using a daily diary study design: a registered report","10.1080/08870446.2025.2458871","https://osf.io/sd762/overview",""
"GMAP6LC2","new",2024,"European Journal Of Personality","Kraft, Livia; Zimmermann, Johannes; Schmukle, Stefan C.; Czarna, Anna Z.; Sekerdej, Maciej; Dufner, Michael","Who Gets the Credit for Success and the Blame for Failure? On the Links Between Narcissism and Self- and Group-Serving Biases","10.1177/08902070231199366","https://osf.io/sm2ep/files/osfstorage","Stage 1 isn't an actual ""registration"" on OSF; it's just a file; BUT, authors write, ""The stage 1 registered report, analysis script, a draft for the Supplemental Material and study codebook were uploaded before data collection to the OSF: https://osf.io/sm2ep/[Folder “Stage 1 Registered Report (in-principle acceptance)]."" and the RR is dated Sept. 2021 so seems okay"
"1154","liu",2021,"Cognition And Emotion","Horn, Sebastian S.; Freund, Alexandra M.","Adult age differences in remembering gain- and loss-related intentions","10.1080/02699931.2021.1986375","https://osf.io/mv4y3/overview",""
"S9Y75BNQ","new",2026,"British Journal Of Psychology","Breitwieser, Jasmin; Reinelt, Tilman","The effectiveness of implementation intentions in children: A systematic review and meta-analysis","10.1111/bjop.70065","https://osf.io/97vcu/overview","Stage 1 not linked in project page, but found by searching registry"
"1169","liu",2020,"Judgment And Decision Making","Frey, Renato","Decisions from experience: Competitive search and choice in kind and wicked environments","10.1017/S1930297500007415","https://osf.io/etuhq/overview",""
"1008","liu",2021,"Nature Human Behaviour","Jones, Benedict C.; DeBruine, Lisa M.; Flake, Jessica K.; Liuzza, Marco Tullio; Antfolk, Jan; Arinze, Nwadiogo C.; Ndukaihe, Izuchukwu L. G.; Bloxsom, Nicholas G.; Lewis, Savannah C.; Foroni, Francesco; Willis, Megan L.; Cubillas, Carmelo P.; Vadillo, Miguel A.; Turiegano, Enrique; Gilead, Michael; Simchon, Almog; Saribay, S. Adil; Owsley, Nicholas C.; Jang, Chaning; Mburu, Georgina; Calvillo, Dustin P.; Wlodarczyk, Anna; Qi, Yue; Ariyabuddhiphongs, Kris; Jarukasemthawee, Somboon; Manley, Harry; Suavansri, Panita; Taephant, Nattasuda; Stolier, Ryan M.; Evans, Thomas R.; Bonick, Judson; Lindemans, Jan W.; Ashworth, Logan F.; Hahn, Amanda C.; Chevallier, Coralie; Kapucu, Aycan; Karaaslan, Aslan; Leongómez, Juan David; Sánchez, Oscar R.; Valderrama, Eugenio; Vásquez-Amézquita, Milena; Hajdu, Nandor; Aczel, Balazs; Szecsi, Peter; Andreychik, Michael; Musser, Erica D.; Batres, Carlota; Hu, Chuan-Peng; Liu, Qing-Lan; Legate, Nicole; Vaughn, Leigh Ann; Barzykowski, Krystian; Golik, Karolina; Schmid, Irina; Stieger, Stefan; Artner, Richard; Mues, Chiel; Vanpaemel, Wolf; Jiang, Zhongqing; Wu, Qi; Marcu, Gabriela M.; Stephen, Ian D.; Lu, Jackson G.; Philipp, Michael C.; Arnal, Jack D.; Hehman, Eric; Xie, Sally Y.; Chopik, William J.; Seehuus, Martin; Azouaghe, Soufian; Belhaj, Abdelkarim; Elouafa, Jamal; Wilson, John P.; Kruse, Elliott; Papadatou-Pastou, Marietta; De La Rosa-Gómez, Anabel; Barba-Sánchez, Alan E.; González-Santoyo, Isaac; Hsu, Tsuyueh; Kung, Chun-Chia; Wang, Hsiao-Hsin; Freeman, Jonathan B.; Oh, Dong Won; Schei, Vidar; Sverdrup, Therese E.; Levitan, Carmel A.; Cook, Corey L.; Chandel, Priyanka; Kujur, Pratibha; Parganiha, Arti; Parveen, Noorshama; Pati, Atanu Kumar; Pradhan, Sraddha; Singh, Margaret M.; Pande, Babita; Bavolar, Jozef; Kačmár, Pavol; Zakharov, Ilya; Álvarez-Solas, Sara; Baskin, Ernest; Thirkettle, Martin; Schmidt, Kathleen; Christopherson, Cody D.; Leonis, Trinity; Suchow, Jordan W.; Olofsson, Jonas K.; Jernsäther, Teodor; Lee, Ai-Suan; Beaudry, Jennifer L.; Gogan, Taylor D.; Oldmeadow, Julian A.; Balas, Benjamin; Stevens, Laura M.; Colloff, Melissa F.; Flowe, Heather D.; Gülgöz, Sami; Brandt, Mark J.; Hoyer, Karlijn; Jaeger, Bastian; Ren, Dongning; Sleegers, Willem W. A.; Wissink, Joeri; Kaminski, Gwenaël; Floerke, Victoria A.; Urry, Heather L.; Chen, Sau-Chin; Pfuhl, Gerit; Vally, Zahir; Basnight-Brown, Dana M.; Jzerman, Hans I.; Sarda, Elisa; Neyroud, Lison; Badidi, Touhami; Van Der Linden, Nicolas; Tan, Chrystalle B. Y.; Kovic, Vanja; Sampaio, Waldir; Ferreira, Paulo; Santos, Diana; Burin, Debora I.; Gardiner, Gwendolyn; Protzko, John; Schild, Christoph; Ścigała, Karolina A.; Zettler, Ingo; O’Mara Kunz, Erin M.; Storage, Daniel; Wagemans, Fieke M. A.; Saunders, Blair; Sirota, Miroslav; Sloane, Guyan V.; Lima, Tiago J. S.; Uittenhove, Kim; Vergauwe, Evie; Jaworska, Katarzyna; Stern, Julia; Ask, Karl; Van Zyl, Casper J. J.; Körner, Anita; Weissgerber, Sophia C.; Boudesseul, Jordane; Ruiz-Dodobara, Fernando; Ritchie, Kay L.; Michalak, Nicholas M.; Blake, Khandis R.; White, David; Gordon-Finlayson, Alasdair R.; Anne, Michele; Janssen, Steve M. J.; Lee, Kean Mun; Nielsen, Tonje K.; Tamnes, Christian K.; Zickfeld, Janis H.; Rosa, Anna Dalla; Vianello, Michelangelo; Kocsor, Ferenc; Kozma, Luca; Putz, Ádám; Tressoldi, Patrizio; Irrazabal, Natalia; Chatard, Armand; Lins, Samuel; Pinto, Isabel R.; Lutz, Johannes; Adamkovic, Matus; Babincak, Peter; Baník, Gabriel; Ropovik, Ivan; Coetzee, Vinet; Dixson, Barnaby J. W.; Ribeiro, Gianni; Peters, Kim; Steffens, Niklas K.; Tan, Kok Wei; Thorstenson, Christopher A.; Fernandez, Ana Maria; Hsu, Rafael M. C. S.; Valentova, Jaroslava V.; Varella, Marco A. C.; Corral-Frías, Nadia S.; Frías-Armenta, Martha; Hatami, Javad; Monajem, Arash; Sharifian, MohammadHasan; Frohlich, Brooke; Lin, Hause; Inzlicht, Michael; Alaei, Ravin; Rule, Nicholas O.; Lamm, Claus; Pronizius, Ekaterina; Voracek, Martin; Olsen, Jerome; Giolla, Erik Mac; Akgoz, Aysegul; Özdoğru, Asil A.; Crawford, Matthew T.; Bennett-Day, Brooke; Koehn, Monica A.; Okan, Ceylan; Gill, Tripat; Miller, Jeremy K.; Dunham, Yarrow; Yang, Xin; Alper, Sinan; Borras-Guevara, Martha Lucia; Cai, Sun Jun; Tiantian, Dong; Danvers, Alexander F.; Feinberg, David R.; Armstrong, Marie M.; Gilboa-Schechtman, Eva; McCarthy, Randy J.; Muñoz-Reyes, Jose Antonio; Polo, Pablo; Shiramazu, Victor K. M.; Yan, Wen-Jing; Carvalho, Lilian; Forscher, Patrick S.; Chartier, Christopher R.; Coles, Nicholas A.","To which world regions does the valence–dominance model of social perception apply?","10.1038/s41562-020-01007-2","https://doi.org/10.6084/m9.figshare.7611443",""
"1175","liu",2023,"Memory","Bloom, Paul Alexander; Bartlett, Ella; Kathios, Nicholas; Algharazi, Sameah; Siegelman, Matthew; Shen, Fan; Beresford, Lea; DiMaggio-Potter, Michaelle Evangeline; Singh, Anshita; Bennett, Sarah; Natarajan, Nandhini; Lee, Hannah; Sajid, Sumra; Joyce, Erin; Fischman, Rachel; Hutchinson, Samuel; Pan, Sophie; Tottenham, Nim; Aly, Mariam","Effects of familiar music exposure on deliberate retrieval of remote episodic and semantic memories in healthy aging adults","10.1080/09658211.2023.2166078","https://osf.io/kjnwd/files/c2jqm","Stage 1 not formally registered"
"SGY2MHS4","new",2024,"Psychophysiology","Abado, Elinor; Aue, Tatjana; Pourtois, Gilles; Okon-Singer, Hadas","Expectancy and attention bias to spiders: Dissecting anticipation and allocation processes using ERPs","10.1111/psyp.14546","https://osf.io/64nzq/registrations",""
"1201","liu",2023,"Psychophysiology","Mizuhara, Keita; Nittono, Hiroshi","Effects of respiratory phases on the processing of emotional and non-emotional visual stimuli","10.1111/psyp.14261","https://osf.io/2vm4j/overview",""
"B7P75DUJ","new",2026,"Quarterly Journal Of Experimental Psychology","Raza, Sumaiyah; Schomaker, Judith; Quent, Jorn Alexander; Anderson, Michael C.; Henson, Richard N.","Proactive and retroactive effects of novelty and rest on memory","10.1177/17470218251346156","https://osf.io/pz4nf/files/9dpx8","not formally registered, authors mention replicating findings from previous studies but did not do a direct replication"
"1202","liu",2022,"Law And Human Behavior","Metcalf, Stacy; Dickerson, Kelli L.; Lavoie, Jennifer; Quas, Jodi A.","The COVID-19 pandemic and lay perceptions of poverty and neglect.","10.1037/lhb0000491","https://osf.io/2jgy8/overview",""
"1163","liu",2021,"Cognition And Emotion","Levin, Fedor; Fiedler, Susann; Weber, Bernd","Positivity effect and decision making in ageing","10.1080/02699931.2021.1884533","https://osf.io/r6jfh/overview",""
"1068","liu",2021,"Cortex","Demidenko, Michael I.; Ip, Ka I.; Kelly, Dominic P.; Constante, Kevin; Goetschius, Leigh G.; Keating, Daniel P.","Ecological stress, amygdala reactivity, and internalizing symptoms in preadolescence: Is parenting a buffer?","10.1016/j.cortex.2021.02.032","https://osf.io/46yru/overview",""
"1107","liu",2022,"Journal Of Research In Personality","Hofer, Gabriela; Macher, Silvia; Neubauer, Aljoscha C.","Love is not blind: What romantic partners know about our abilities compared to ourselves, our close friends, and our acquaintances","10.1016/j.jrp.2022.104211","https://osf.io/nxegr/files/xy3fv","Stage 1 not formally registered"
"1060","liu",2021,"Developmental Science","Ferguson, Christopher J.","Links between screen use and depressive symptoms in adolescents over 16 years: Is there evidence for increased harm?","10.1111/desc.13008","https://osf.io/h8yas/overview",""
