id,year,journal,author,title,doi,rater,include_initial,initial_no_reason,include_final,no_reason,type,prereg_link,notes
SGY2MHS4,2024,PSYCHOPHYSIOLOGY,"Abado, Elinor; Aue, Tatjana; Pourtois, Gilles; Okon-Singer, Hadas",Expectancy and attention bias to spiders: Dissecting anticipation and allocation processes using ERPs,10.1111/psyp.14546,all,yes,,yes,,rr,https://osf.io/64nzq/registrations,
4KGLBKIK,2025,JOURNAL OF EXPERIMENTAL SOCIAL PSYCHOLOGY,"Amarasekera, Anurada U.; Travis, Kelton L.; Castaneto, Kristina K.; Cash, Tiara A.; Aknin, Lara B.",What types of gratitude expressions promote prosocial behavior?: A registered report,10.1016/j.jesp.2025.104805,all,yes,,yes,,rr,https://osf.io/tacf8/files/nhc4w,"Stage 1 not formally registered, but each study was registered on aspredicted"
LIJVHUVN,2025,ACTA PSYCHOLOGICA,"Anna, Manfredi; Giulio, Puzella; Landi, David; Iacono, Iolanda; Michilli, Jacopo; Alessandro, Gabbiadini",AI-driven digital humans for E-contact: A pre-registered study on reducing intergroup bias with generative artificial intelligence,10.1016/j.actpsy.2025.105129,all,no,stage 1,no,stage 1,not_rr_after_all,NA,
N25ASW4T,2025,STRESS AND HEALTH,"Arkesteijn, Marco; Bennett, Rachel; Davies, Jennifer L.; Sumner, Rachel C.",Does Allostatic Load in 50-89-Year-Olds Predict the Development of Frailty? Evidence From a National Longitudinal Study Over 12 Years,10.1002/smi.3517,all,no,stage 1,no,stage 1,not_rr_after_all,NA,
IMG3AEML,2025,NATURE HUMAN BEHAVIOUR,"Batruch, Anatolia; Sommet, Nicolas; Autin, Frederique",Advancing the psychology of social class with large-scale replications in four countries,10.1038/s41562-025-02234-1,all,yes,,no,replication,replication,https://osf.io/b6y8r/overview,
I3IGBVH7,2026,JOURNAL OF EXPERIMENTAL SOCIAL PSYCHOLOGY,"Berkovich, Rotem; Reggev, Niv",Registered report stage I: Is it unpleasant to predict kindergarten teacher = man? Testing the emotional response to the anticipation of confirmation or violation of gendered stereotypes,10.1016/j.jesp.2025.104854,all,no,stage 1,no,stage 1,not_rr_after_all,NA,
A68TG4J7,2024,PSYCHOLOGY OF SPORT AND EXERCISE,"Bird, Jonathan M.; Karageorghis, Costas I.; Jones, Leighton; Harris, David J.; Alharbi, Mohammed; Vine, Samuel J.",Beyond Rubik: The Embodiment-Presence-Interactivity Cube applied to exercise,10.1016/j.psychsport.2024.102684,all,yes,,no,no stage 1,not_rr_after_all,NA,Prereg but no Stage 1
6WZP278Z,2023,JOURNAL OF THE AMERICAN ACADEMY OF CHILD AND ADOLESCENT PSYCHIATRY,"Blok, Elisabet; Lamballais, Sander; Benitez-Manzanas, Laia; White, Tonya","Stage 2 Registered Report: The Bidirectional Relationship Between Brain Features and the Dysregulation Profile: A Longitudinal, Multimodal Approach",10.1016/j.jaac.2023.03.024,all,yes,,yes,,rr,https://www.jaacap.org/article/S0890-8567(22)00117-4/fulltext,"A brief registeratrion on the journal page, but it seems to count"
RB5CNKVK,2024,NATURE HUMAN BEHAVIOUR,"Blume, Christine; Cajochen, Christian; Schoellhorn, Isabel; Slawik, Helen C.; Spitschan, Manuel",Effects of calibrated blue-yellow changes in light on the human circadian clock,10.1038/s41562-023-01791-7,all,yes,,no,no stage 1,rr,https://doi.org/10.6084/m9.figshare.13050215,Stage 1 still under embargo!
7U2KB8VB,2024,JOURNAL OF EXPERIMENTAL SOCIAL PSYCHOLOGY,"Bo, Simen; Sjastad, Hallgeir",Revisiting the moral forecasting error - A preregistered replication and extension of “Are we more moral than we think?”,10.1016/j.jesp.2024.104662,all,yes,,no,replication,replication,https://osf.io/47m8k/overview,replication and extension
J23CHR6K,2023,JUDGMENT AND DECISION MAKING,"Bogdanov, Boris; Corbin, Jonathan; Dobreva, Sabina; Mcelroy, Todd; Rachev, Nikolay R.",Working memory capacity and the risky-choice framing effect: A preregistered replication and extension of Corbin et al. (2010),10.1017/jdm.2023.40,all,yes,,no,replication,replication,https://osf.io/hw2sm/overview,replication and extension
BASLLP9S,2026,PSYCHONOMIC BULLETIN & REVIEW,"Bowes, Shauna M.; Fazio, Lisa K.",Does repetition increase perceived truth equally for conspiracy and trivia statements? A registered replication report,10.3758/s13423-025-02836-w,all,yes,,no,no stage 1,not_rr_after_all,,"article has multiple statements abouts RR and prereg, but could not find anything"
S9Y75BNQ,2026,BRITISH JOURNAL OF PSYCHOLOGY,"Breitwieser, Jasmin; Reinelt, Tilman",The effectiveness of implementation intentions in children: A systematic review and meta-analysis,10.1111/bjop.70065,all,yes,,yes,,rr,https://osf.io/97vcu/overview,"Stage 1 not linked in project page, but found by searching registry"
B8BNDNY3,2024,PSYCHOLOGY OF SPORT AND EXERCISE,"Brito, Henrique; Lopes, Henrique; de Carvalho, Margarida Vaz; Carrilho, Daniel; Carvalho, Adriano; Araujo, Duarte","The effects of nature-based vs. indoor settings on the adaptability, performance and affect of calisthenics exercisers. A registered report",10.1016/j.psychsport.2024.102626,all,yes,,yes,,rr,https://clinicaltrials.gov/study/NCT05090501?id=NCT05090501&viewType=Card&rank=1,
VN38WDXX,2025,NATURE HUMAN BEHAVIOUR,"Buchanan, Erin M.; Cuccolo, Kelly; Heyman, Tom; van Berkel, Niels; Coles, Nicholas A.; Iyer, Aishwarya; Peters, Kim; van't Veer, A. E.; Montefinese, Maria; Maxwell, Nicholas P.; Taylor, Jack E.; Valentine, Kathrene D.; Arriaga, Patricia; Barzykowski, Krystian; Boucher, Leanne; Collins, W. Matthew; Vaidis, David C.; Aczel, Balazs; Al-Hoorie, Ali H.; Ambrosini, Ettore; Besson, Theo; Burin, Debora I.; Butt, Muhammad Mussaffa; Clarke, A. J. Benjamin; Daryani, Yalda; El-Dakhs, Dina Abdel Salam; Elsherif, Mahmoud M.; Fernandez-Lopez, Maria; Ferreira, Paulo Roberto dos Santos; Freitag, Raquel Meister Ko; Gattei, Carolina A.; Godbersen, Hendrik; Grim, Philip A.; Halama, Peter; Havan, Patrik; Irrazabal, Natalia C.; Isloi, Chris; Iversen, Rebecca Kvisler; Julliard, Yoann; Karaaslan, Aslan; Kohut, Michal; Kohutova, Veronika; Kos, Julija; Kosachenko, Alexandra I.; de Lima, Tiago Jesse Souza; Mak, Matthew H. C.; Manouilidou, Christina; Marciaga, Leonardo A.; Melinna, Xiaolin Melinna; Miranda, Jacob Francisco; Morvinski, Coby; Muppoor, Aishwarya; Muejdeci, F. Elif; Nielsen, Yngwie A.; Oliveros, Juan Carlos; Onic, Jas; Papadatou-Pastou, Marietta; Patel, Ishani; Pavlovic, Zoran; Pazon, Blaz; Pfuhl, Gerit; Pronizius, Ekaterina; Roettger, Timo B.; Ronderos, Camilo R.; Ruiz-Fernandez, Susana; Senderecka, Magdalena; Solak, Caglar; Stueckler, Anna; Szekely-Copindean, Raluca D.; Taboh, Anali R.; Theriault, Remi; Tran, Ulrich S.; Trecca, Fabio; Ulloa, Jose Luis; Varga, Marton A.; Verheyen, Steven; Pavlovic, Tijana Vesic; Viviani, Giada; Wang, Nan; Zivna, Kristyna; Yun, Chen Chu; Clark, Oliver James; Acar, Oguz A.; Adamkovic, Matus; Agnoletti, Giulia; Akil, Atakan M.; Alsuhaibani, Zainab; Amenta, Simona; Ananyeva, Olga A.; Andreychik, Michael; Angele, Bernhard; Arias Quinones, Danna Catalina; Arinze, Nwadiogo Chisom; Askelund, Adrian Dahl; Baker, Bradley J.; Baskin, Ernest; Batalha, Luisa; Batres, Carlota; Beato, Maria Soledad; Becker, Manuel; Becker, Maja; Behnke, Maciej; Blaison, Christophe; Borghi, Anna M.; Brandstaetter, Eduard; Buczny, Jacek; Budak, Nesrin; Cabana, Alvaro; Cai, Zhenguang G.; Canessa, Enrique C.; Cavdan, Muege; Cecchetti, Luca; Chaigneau, Sergio E.; Chang, Feria X. W.; Chartier, Christopher R.; Chen, Sau-Chin; Cherniaeva, Elena; Christiansen, Morten H.; Chuan-Peng, Hu; Chwilkowska, Patrycja; Comesana, Montserrat; Cong, Chin Wen; Cowan, Casey; Dandeneau, Stephane Daniel; David, Oana A.; Davis, William E.; Demirag Burak, Elif Gizem; Dixson, Barnaby James Wyld; Du, Hongfei; Duclos, Rod; Duyck, Wouter; Efimova, Liudmila A.; Egan, Ciara; Era, Vanessa; Evans, Thomas R.; Exner, Anna; Feldman, Gilad; Fellnhofer, Katharina; Fini, Chiara; Fisher, Sarah E.; Flowe, Heather D.; Garrido-Vasquez, Patricia; Gatti, Daniele; Geller, Jason; Giannouli, Vaitsa; Gorokhova, Anna Sergeevna; Griener, Lindsay M.; Grigoryev, Dmitry; Grossmann, Igor; Ghasemi, Hesam; Handjaras, Giacomo; Hauspie, Cathy; He, Zhiran; Heilman, Renata M.; Heydari, Amirmahdi; Hine, Alanna M.; Hoyer, Karlijn; Hryniszak, Weronika; Hsiao, Janet Hui-wen; Huang, Guanxiong; Ihaya, Keiko; Ilczuk, Ewa; Ishii, Tatsunori; Dumbrava, Andrei; Jankowiak, Katarzyna; Jiang, Xiaoming; Johnson, David C.; Jonczyk, Rafal; Jaervikivi, Juhani; Kaczer, Laura; Kamermans, Kevin Leander; Karl, Johannes A.; Karner, Alexander; Kacmar, Pavol; Keech, Jacob J.; Kim, M. Justin; Korbmacher, Max; Kostorz, Kathrin; Kowal, Marta; Kratochvil, Tomas; Kunisato, Yoshihiko; Kuzminska, Anna O.; Koertvelyessy, Livia; Koese, Fatma Ebru; Koester, Massimo; Kekus, Magdalena; Labusch, Melanie; Lamm, Claus; Lau, Chaak Ming; Laurino, Julieta; Law, Wilbert; Lettieri, Giada; Levitan, Carmel A.; Lu, Jackson G.; MacPherson, Sarah E.; Malinakova, Klara; Manriquez-Robles, Diego; Marchant, Nicolas; Marelli, Marco; Martinez, Martin; Matthews, Molly F.; Mattiassi, Alan D. A.; Mattoli-Sanchez, Josefina; Mazzuca, Claudia; McGovern, David P.; Meier, Zdenek; Melinscak, Filip; Misiak, Michal; Monteiro, Luis Carlos Pereira; Moreau, David; Moreno, Sebastian; Mulgrew, Kate E.; Muller, Dominique; Nagy, Tamas; Naranowicz, Marcin; Ndukaihe, Izuchukwu L. G.; Neta, Maital; Novak, Lukas; Ogbonnaya, Chisom Esther; Paek, Jessica Jee Won; Paltoglou, Aspasia Eleni; Parada, Francisco J.; Parker, Adam J.; Paruzel-Czachura, Mariola; Pavlov, Yuri G.; Paydarfard, Saeed; Pegler, Dominik; Peker, Mehmet; Perea, Manuel; Pfattheicher, Stefan; Protzko, John; Prusova, Irina Sergeevna; Pypno-Blajda, Katarzyna; Qiu, Zhuang; Reips, Ulf-Dietrich; Ribeiro, Gianni; Rinaldi, Luca; Roberts, S. Craig; Roembke, Tanja C.; Romanova, Marina O.; Ross, Robert M.; Roeer, Jan Philipp; Rizaoglu, Filiz; Saari, Toni T.; Sampaolo, Erika; Santos, Anabela Caetano; Saricicek, F. Caglar; Sasaki, Kyoshiro; Scharnowski, Frank; Schmidt, Kathleen; Sepehri, Amir; Serce, Halid O.; Sevincer, A. Timur; Siew, Cynthia S. Q.; Simonetti, Matilde Ellen; Sirota, Miroslav; Sorokowska, Agnieszka; Sorokowski, Piotr; Stephen, Ian D.; Stevens, Laura M.; Stewart, Suzanne L. K.; Steyrl, David; Stieger, Stefan; Studzinska, Anna; Suarez, Mar; Szala, Anna; Szmalec, Arnaud; Sznycer, Daniel; Szumowska, Ewa; Soeylemez, Sinem; Soeylemez, Bahadir; Takashima, Kaito; Tamnes, Christian K.; Tan, Joel C. R.; Tang, Chengxiang; Tavel, Peter; Tejada, Julian; Thompson, Benjamin C.; Tiernan, Jake G.; Torres-Munoz, Vicente; Touloumakos, Anna K.; Tremoliere, Bastien; Tschense, Monika; Tuerkan, Belguezar Nilay; Vadillo, Miguel A.; Vannucci, Caterina; Varnum, Michael E. W.; Vasilev, Martin R.; Vaughn, Leigh Ann; Verkampt, Fanny; Villar, Liliana M.; Wallot, Sebastian; Wang, Lijun; Wang, Ke; Williams, Glenn Patrick; Willinger, David; Wolfe, Kelly; Wormley, Alexandra S.; Yamada, Yuki; Yang, Yunkai; Zhou, Yuwei; Zhang, Mengfan; Zheng, Wang; Zheng, Yueyuan; Zhou, Chenghao; Zidkova, Radka; Zumbrunn, Nina Meret; Coker, Ogeday; Coksan, Sami; Oner, Sezin; Ozdogru, Asil Ali; Sahin, Seda Merve; Kasanov, Dauren; Arvanitis, Alexios; Brick, Cameron; Colloff, Melissa F.; Gallyamova, Albina; Koch, Christopher; Ropovik, Ivan; Zhang, Yucheng; Zhou, Xingxing; Patel, Sneh; Suchow, Jordan W.; Lewis, Savannah C.",Measuring the semantic priming effect across many languages,10.1038/s41562-025-02254-x,all,yes,,yes,,rr,https://osf.io/u5bp6/overview,
J42CJQWK,2023,BRITISH JOURNAL OF PSYCHOLOGY,"Campbell, Mark J.; Cregan, Sarah C.; Joyce, John M.; Kowal, Magdalena; Toth, Adam J.",Comparing the cognitive performance of action video game players and age-matched controls following a cognitively fatiguing task: A stage 2 registered report,10.1111/bjop.12692,all,yes,,no,no stage 1,not_rr_after_all,,"article has multiple statements abouts RR and prereg, but could not find anything"
N4W5NGI7,2025,BRITISH JOURNAL OF SOCIAL PSYCHOLOGY,"Cassario, Abigail L.; Vallabha, Shree; Thompson, Jordan L.; Carrillo, Alejandro; Solanki, Prachi; Gnall, Samantha A.; Rice, Sada; Wetherell, Geoffrey A.; Brandt, Mark J.","Registered report: Cognitive ability, but not cognitive reflection, predicts expressing greater political animosity and favouritism",10.1111/bjso.12814,all,yes,,yes,,rr,https://osf.io/t68z4/registrations,
XD54WU2S,2025,JUDGMENT AND DECISION MAKING,"Chandrashekar, Subramanya Prasad; Feldman, Gilad",On the process and value of direct close replications: A rejoinder to Shafir and Cheek's (2024) commentary on Chandrashekar et al. (2021),10.1017/jdm.2025.10011,abby,no,commentary,no,not empirical,not_rr_after_all,NA,
7ZL7SQSN,2024,CORTEX,"Chenot, Quentin; Hamery, Caroline; Truninger, Moritz; Langer, Nicolas; De Boissezon, Xavier; Scannella, Sebastien",Investigating the relationship between resting-state EEG microstates and executive functions: A null finding,10.1016/j.cortex.2024.05.019,abby,yes,,yes,,rr,https://osf.io/v2xpy/overview,
X66P8AX9,2025,CORTEX,"Clayson, Peter E.; Carbine, Kaylie A.; Shuford, John L.; Mcdonald, Julia B.; Larson, Michael J.","A registered report of preregistration practices in studies of electroencephalogram (EEG) and event-related potentials (ERPs): A first look at accessibility, adherence, transparency, and selection bias",10.1016/j.cortex.2025.02.008,abby,yes,,yes,,rr,https://osf.io/mxrvt/overview,
MFKLM52L,2025,PSYCHOPHYSIOLOGY,"Clayson, Peter E.; Mcdonald, Julia B.; Park, Bohyun; Holbrook, Amanda; Baldwin, Scott A.; Riesel, Anja; Larson, Michael J.",Registered replication report of the construct validity of the error-related negativity (ERN): A multi-site study of task-specific ERN correlations with internalizing and externalizing symptoms,10.1111/psyp.14496,abby,yes,,no,replication,replication,https://osf.io/8cbua/files/u2zpa,
6SVZ2M34,2024,PSYCHOPHYSIOLOGY,"Clayson, Peter E.; Rocha, Harold A.; McDonald, Julia B.; Baldwin, Scott A.; Larson, Michael J.",A registered report of a two-site study of variations of the flanker task: ERN experimental effects and data quality,10.1111/psyp.14607,abby,yes,,yes,,rr,https://osf.io/qt2zh/files/kub3m,
QSFVAYII,2024,FRONTIERS IN PSYCHOLOGY,"Connolly, Filip Fors; Garling, Tommy",What distinguishes life satisfaction from emotional wellbeing?,10.3389/fpsyg.2024.1434373,abby,yes,,yes,,rr,https://osf.io/4wfzv/files/srcdx,
VAPUI7GB,2025,JOURNAL OF RESEARCH IN PERSONALITY,"Conway, Christopher C.; Ilagan, Gabrielle S.; Rabasco, Ana; Lopez, Maria Martin; Goodrich, Molly; Kuehn, Kevin S.; King, Kevin M.",Registered Report Stage II: A within-person model of distress tolerance and non-suicidal self-injury among adults with recurrent self-injury,10.1016/j.jrp.2025.104623,abby,yes,,yes,,rr,https://osf.io/nz5q4/files/5upkt,
2VYN5UP5,2023,EXPERIMENTAL PSYCHOLOGY,"Cracco, Emiel; Liepelt, Roman; Brass, Marcel; Genschow, Oliver",Top-Down Modulation of Motor Priming by Belief About Animacy,10.1027/1618-3169/a000605,abby,yes,,no,replication,replication,https://osf.io/v2wyu/files/r7jtz,
LT6TNM7X,2025,BRITISH JOURNAL OF HEALTH PSYCHOLOGY,"Creaven, Ann-Marie; O'Donoghue, Fay M.; Morrissey, Eimear C.; O'Donnell, Aisling T.; Griffin, Tomas P.",Diabetes technology use in young adults living with type 1 diabetes in Ireland: A qualitative interview study,10.1111/bjhp.12803,abby,no,stage 1,no,stage 1,not_rr_after_all,NA,
4DQVBXHF,2025,NATURE HUMAN BEHAVIOUR,"Crompton, Catherine J.; Foster, Sarah J.; Wilks, Charlotte E. H.; Dodd, Michelle; Efthimiou, Themis N.; Ropar, Danielle; Sasson, Noah J.; Lages, Martin; Fletcher-Watson, Sue",Information transfer within and between autistic and non-autistic people,10.1038/s41562-025-02163-z,abby,yes,,no,replication,replication,https://osf.io/us9c7/files/9tkqx,"could be replication, but seems more like conceptual replication"
565E8HFG,2024,INFANT AND CHILD DEVELOPMENT,"Davis-Kean, Pamela E.; Ellis, Alexa; Syed, Moin",Registered Reports with secondary developmental data: Introduction to the special issue,10.1002/icd.2506,abby,no,intro to special issue,no,not empirical,not_rr_after_all,NA,
VGZ682I6,2026,BRITISH JOURNAL OF EDUCATIONAL PSYCHOLOGY,"Demkowicz, Ola; O'Brien, Annie; Hamilton, Suzanne; Burke, Lauren; Alemdar, Melek; Mason, Carla; Anderton, Molly; Nanda, Pratyasha; Corke Butters, Lily; Beissel, Felicitas; Lu, Yizhuo; Chatburn, Eleanor; Humphrey, Neil; Qualter, Pamela",Child and school staff perceptions and experiences of universal social and emotional learning curricula in context: A qualitative case study registered report examining `Passport Skills for Life',10.1111/bjep.70065,abby,yes,,yes,,rr,https://osf.io/d6fgq/files/sw67p,
NAKAPLU5,2024,PSYCHOLOGY OF ADDICTIVE BEHAVIORS,"Dora, Jonas; Kuczynski, Adam M.; Schultz, Megan E.; Acuff, Samuel F.; Murphy, James G.; King, Kevin M.",An Experimental Investigation Into the Effect of Negative Affect on the Behavioral Economic Demand for Alcohol,10.1037/adb0000984,abby,no,preregistered not RR,yes,,rr,https://osf.io/strbv/files/c39up,"Stage 1 was in files on OSF, just a prereg in the registration."
RF7BK563,2024,LEGAL AND CRIMINOLOGICAL PSYCHOLOGY,"Dudek, Iwona; Polczyk, Romuald",Memory distrust and suggestibility: A registered report,10.1111/lcrp.12249,abby,yes,,yes,,rr,https://osf.io/4evhq/files/4ztb6?view_only=1d7d03dddffe4a5caaba5bdfa8cbf597,
2DW8JYNU,2023,JOURNAL OF EXPERIMENTAL SOCIAL PSYCHOLOGY,"Dwyer, Ryan J.; Zhuo, Aaron X.; Dunn, Elizabeth W.",Why do people turn to smartphones during social interactions?,10.1016/j.jesp.2023.104506,abby,yes,,yes,,rr,https://osf.io/42r8q/files/y6whp?view_only=52c791f55220497b9508e0d3ae80a62a,
PBKP9265,2025,CORTEX,"Dymarska, Agata; Connell, Louise",Sensorimotor effects in surprise word memory-A registered report,10.1016/j.cortex.2025.03.010,abby,yes,,yes,,rr,https://osf.io/ck5bg/overview,
WAQF98KI,2025,JOURNAL OF PERSONALITY AND SOCIAL PSYCHOLOGY,"Eastwick, Paul W.; Sparks, Jehan; Finkel, Eli J.; Meza, Eva M.; Adamkovic, Matus; Adu, Peter; Ai, Ting; Akintola, Aderonke A.; Al-Shawaf, Laith; Apriliawati, Denisa; Arriaga, Patricia; Aubert-Teillaud, Benjamin; Banik, Gabriel; Barzykowski, Krystian; Batres, Carlota; Baucom, Katherine J.; Beaulieu, Elizabeth Z.; Behnke, Maciej; Butcher, Natalie; Charles, Deborah Y.; Chen, Jane Minyan; Cheon, Jeong Eun; Chittham, Phakkanun; Chwilkowska, Patrycja; Cong, Chin Wen; Copping, Lee T.; Corral-Frias, Nadia S.; Adoric, Vera Cubela; Dizon, Mikaela; Du, Hongfei; Ehinmowo, Michael I.; Escribano, Daniela A.; Espinosa, Natalia M.; Exposito, Francisca; Feldman, Gilad; Freitag, Raquel; Armenta, Martha Frias; Gallyamova, Albina; Gillath, Omri; Gjoneska, Biljana; Gkinopoulos, Theofilos; Grafe, Franca; Grigoryev, Dmitry; Groyecka-Bernard, Agata; Gunaydin, Gul; Ilustrisimo, Ruby; Impett, Emily; Kacmar, Pavol; Kim, Young-Hoon; Kocur, Miroslaw; Kowal, Marta; Krishna, Maatangi; Labor, Paul Danielle; Lu, Jackson G.; Lucas, Marc Y.; Malecki, Wojciech P.; Malinakova, Klara; Meissner, Sofia; Meier, Zdenek; Misiak, Michal; Muise, Amy; Novak, Lukas; Jiaqing, O.; Ozdogru, Asil A.; Park, Haeyoung Gideon; Paruzel, Mariola; Pavlovic, Zoran; Puski, Marcell; Ribeiro, Gianni; Roberts, S. Craig; Roer, Jan P.; Ropovik, Ivan; Ross, Robert M.; Sakman, Ezgi; Salvador, Cristina E.; Selcuk, Emre; Skakoon-Sparling, Shayna; Sorokowska, Agnieszka; Sorokowski, Piotr; Spasovski, Ognen; Stanton, Sarah C. E.; Stewart, Suzanne L. K.; Swami, Viren; Szaszi, Barnabas; Takashima, Kaito; Tavel, Peter; Tejada, Julian; Tu, Eric; Tuominen, Jarno; Vaidis, David; Vally, Zahir; Vaughn, Leigh Ann; Villanueva-Moya, Laura; Wisnuwardhani, Dian; Yamada, Yuki; Yonemitsu, Fumiya; Zidkova, Radka; Zivna, Kristyna; Coles, Nicholas A.",A Worldwide Test of the Predictive Validity of Ideal Partner Preference Matching,10.1037/pspp0000524,abby,yes,,no,no stage 1,rr,,"can't find stage 1, osf says that it was removed"
ZQ7SQWV5,2025,CORTEX,"Edwards, Grace; Ruhde, Ryan; Carroll, Micaela B.; Baker, Chris I.",No facilitatory effects of transcranial random noise stimulation on motion processing: A registered report,10.1016/j.cortex.2025.06.001,abby,yes,,no,replication,replication,https://osf.io/bce7u/files/zmp2g,sounds more like a conceptual than exact replication
75UR8I8T,2024,JOURNAL OF EXPERIMENTAL SOCIAL PSYCHOLOGY,"Engstrom, Holly R.; Laurin, Kristin","Lower social class, better social skills? A registered report testing diverging predictions from the rank and cultural approaches to social class",10.1016/j.jesp.2023.104577,abby,yes,,no,no stage 1,not_rr_after_all,,osf says that I can't view it
UP2TRAT3,2025,NATURE HUMAN BEHAVIOUR,"Fassi, Luisa; Ferguson, Amanda M.; Przybylski, Andrew K.; Ford, Tamsin J.; Orben, Amy",Social media use in adolescents with and without mental health conditions,10.1038/s41562-025-02134-4,abby,yes,,yes,,rr,https://figshare.com/s/730e3b0d4da82e9b6a46?file=43804872,
5AV2EIYD,2025,LAW AND HUMAN BEHAVIOR,"Fessinger, Melanie B.; Mcauliff, Bradley D.; Perillo, Anthony D.",The State of Open Science in the Field of Psychology and Law,10.1037/lhb0000592,abby,no,about open science practices but not RR,no,not empirical,not_rr_after_all,NA,
LFCTCPHD,2024,PSYCHOPHYSIOLOGY,"Forster, Andre; Rodrigues, Johannes; Sperlich, Billy; Hewig, Johannes",EXPLORING ELECTROPHYSIOLOGICAL CORRELATES OF HELPLESSNESS ACROSS MULTIPLE MEASUREMENT OCCASIONS. A REGISTERED REPORT,,abby,no,"stage 1, as announced in a conference proceeding that was published in the journal",no,not empirical,not_rr_after_all,NA,MS: discovered this while trying to locate the full text
S3C2JHET,2026,PSYCHOPHYSIOLOGY,"Forster, Andre; Rodrigues, Johannes; Sperlich, Billy; Hewig, Johannes",The Use of Behavioral Reconsolidation Interference in Depressive Disorders. A Double-Blinded Randomized Controlled Experimental Registered Report,10.1111/psyp.70217,abby,yes,,no,no stage 1,not_rr_after_all,,can't find the stage 1
ZTFKM8JD,2026,NEUROSCIENCE OF CONSCIOUSNESS,"Franco-Martinez, Alicia; Rey-Saez, Ricardo; Adrian-Ventura, Jesus; Amerio, Pietro; Baciero, Ana; Bennis, Amine; Bergstrom, Fredrik; Cleeremans, Axel; Contu, Laura; Dell'Acqua, Roberto; Deng, Xinping; Dolu, Fatma Nur; Gambarota, Filippo; Gao, Yi; Garre-Frutos, Francisco; Grubert, Anna; Hernando, Ana; Hinojosa, Jose A.; Hoory, Asaf; Hou, Zhikun; Hung, Shao-Min; Ito, Aine; Jimenez, Mikel; Kosachenko, Alexandra, I; Kulaksiz, Merve; Lee, Daryl Y. H.; Malas, Elmas Merve; Malejka, Simone; Montoro, Pedro R.; Mudrik, Liad; Pavlov, Yuri G.; Pesimena, Gabriele; Prieto, Antonio; Rahnev, Dobromir; Ringenberg, Lais; Sandoval-Lentisco, Alejandro; Sarodo, Akira; Schreiber, Maor; Sessa, Paola; Solana, Pablo; Tarasov, Dmitrii A.; Tortajada, Miriam; Xue, Kai; Xue, Ziqian; Zheng, Yunxuan; Cinici, Merve; Shanks, David R.; Soto, David; Vadillo, Miguel A.",Replicating the unconscious working memory effect: a multisite Registered Report,10.1093/nc/niaf046,abby,yes,,no,replication,replication,https://osf.io/nz6m5/files/w45hj,
RT3FYJ4F,2024,CORTEX,"Fusco, Gabriele; Scandola, Michele; Lin, Hause; Inzlicht, Michael; Aglioti, Salvatore Maria",Modulating preferences during intertemporal choices through exogenous midfrontal transcranial alternating current stimulation: A registered report,10.1016/j.cortex.2023.09.019,abby,yes,,yes,,rr,https://osf.io/7v6ed/files/sgrb3,
HT6K7ENR,2025,JOURNAL OF EXPERIMENTAL SOCIAL PSYCHOLOGY,"Gallagher, Natalie M.; Foster-Hanson, Emily; Olson, Kristina R.",Gender categorization and memory in transgender and cisgender people,10.1016/j.jesp.2024.104691,abby,yes,,no,partial,partial_rr,https://osf.io/yv9gk/files/85mzx,
MIMF666Z,2026,JOURNAL OF EXPERIMENTAL SOCIAL PSYCHOLOGY,"Genschow, Oliver; Protzko, John; Braem, Senne",Does reading an anti-free will text affect beliefs related to free will over time? - A registered report,10.1016/j.jesp.2025.104835,abby,yes,,no,no stage 1,not_rr_after_all,,"can't find the stage 1, can only find preregistrations on aspredicted"
CWMFGI8G,2025,NATURE HUMAN BEHAVIOUR,"Gligoric, Vukasin; van Kleef, Gerben A.; Rutjens, Bastiaan T.",Political ideology and trust in scientists in the USA,10.1038/s41562-025-02147-z,abby,yes,,yes,,rr,https://osf.io/tgm8u/files/k69sb,
LCT6AAQ5,2025,EUROPEAN JOURNAL OF PERSONALITY,"Grosz, Michael P.; Thielmann, Isabel; Krabbe, Hanna; Back, Mitja D.",When and why do individuals high in narcissistic rivalry attain social status?,10.1177/08902070241256142,abby,yes,,yes,,rr,https://osf.io/vtejf/files/yjc7x,
E3UX6IB3,2024,BRITISH JOURNAL OF SOCIAL PSYCHOLOGY,"Gruber, Robert; Haefner, Michael; Kachel, Sven",Dressing up social psychology: Empirically investigating the psychological functions of clothing using the example of symbolic protection,10.1111/bjso.12700,abby,yes,,yes,,rr,https://osf.io/4yuz6/files/429br,
GJ3C7SRA,2023,JOURNAL OF RESEARCH IN PERSONALITY,"Grysman, Azriel; Booker, Jordan A.","Agency, communion, and the shifting gender norms in American society? A registered report",10.1016/j.jrp.2023.104427,caroline,no,stage 1 when investigated full text (as could not discern from title and abstract alone),no,stage 1,not_rr_after_all,NA,
IYEEAN7X,2024,JOURNAL OF RESEARCH IN PERSONALITY,"Grysman, Azriel; Booker, Jordan A.",Agency and communion ratings do not suggest shifting gender norms in American Society: A registered report,10.1016/j.jrp.2024.104493,caroline,yes,,no,replication,replication,http://doi.org/10.1016/j.jrp.2023.104427,"They link this OSF project: https://osf.io/935kv/, but it seems their actual stage 1 RR is at the URL indicated. It is not explictly labelled as a replication necessarily, but it describes its aim as to replicate, and it seems to be a direct replication in that it is simply changing the population/data collection timeframe (""In this proposed registered report (https://osf.io/935kv/), we will test whether previously supported patterns—similarities in endorsements of feminine-typed characteristics between relatively younger women and men, and discrepancies in endorsements of feminine-typed characteristics between relatively older women and men—persist in a new data collection 10 years after the first data, collected in 2013, showed age-related gender differences on responses to the PAQ-F. As such, the current proposal attempts to replicate the findings from Grysman and Fivush, 2016, Grysman et al., 2016, Grysman, 2018, and Stoyanova and Hope (2012)."")"
3QKT849H,2025,JUDGMENT AND DECISION MAKING,"Hasan, Eeshan; Liu, Yanjun; Owens, Nicole; Trueblood, Jennifer S.",A registered report on presentation factors that influence the attraction effect,10.1017/jdm.2024.27,caroline,yes,,yes,,rr,https://osf.io/sgj3w/overview,
LVGFNMTJ,2025,ADVANCES IN METHODS AND PRACTICES IN PSYCHOLOGICAL SCIENCE,"Henderson, Emma L.; Abrams, Ruth; Marcu, Afrodita; Atkins, Lou; Farran, Emily K.",Investigating the Barriers and Enablers to Data-Sharing Behaviors: A Qualitative Registered Report,10.1177/25152459251385960,caroline,yes,,yes,,rr,https://osf.io/2gm5s/overview,
E7ZNXT75,2026,FRONTIERS IN PSYCHOLOGY,"Hinvest, Neal; Taylor, Nathan",Stage 1 registered report examining agency and outcome valence on inter-brain synchrony during dyadic moral judgments,10.3389/fpsyg.2025.1710844,caroline,no,stage 1,no,stage 1,not_rr_after_all,NA,
KRD8FQQU,2024,PSYCHOLOGY OF ADDICTIVE BEHAVIORS,"Howard, Andrea L.; Lamb, Megan; Alexander, Sean M.; Bradley, Abigail H. M.; Carnrite, Kendra D.; Milyavskaya, Marina; Barker, Erin T.; Patrick, Megan E.","Planned and Unplanned Drinking to Get Drunk: A Registered Report Examining Willingness, Drinking Motives, and Protective Behavioral Strategies Using Ecological Momentary Assessment",10.1037/adb0000909,caroline,yes,,yes,,rr,https://osf.io/un9mj/overview,"Stage 1 isn't an actual ""registration"" on OSF; it's just a file"
YIVMRZ9P,2025,DEVELOPMENTAL SCIENCE,"James, Emma; Thompson, Paul A.; Bowes, Lucy; Nation, Kate",Language and Beyond: A Registered Report Examining Single and Multiple Risk Models of Later Reading Comprehension Weaknesses,10.1111/desc.70048,caroline,yes,,yes,,rr,https://osf.io/hyzu5/overview,
VA7V264S,2023,CORTEX,"Jones, Alexander; Silas, Jonathan; Anderson, Wayne; Ward, Emma, V",Null effects of temporal prediction on recognition memory but evidence for differential neural activity at encoding. A registered report,10.1016/j.cortex.2023.09.006,caroline,yes,,yes,,rr,https://osf.io/x3umy/overview,
LAPUX73L,2025,QUARTERLY JOURNAL OF EXPERIMENTAL PSYCHOLOGY,"Juncu, Stefana; Fitzgerald, Ryan J.; Blank, Hartmut; Ost, James",Contextual effects on prospective person memory,10.1177/17470218251323820,caroline,yes,,yes,,rr,https://osf.io/j5hbm/overview,"Stage 1 isn't an actual ""registration"" on OSF; it's just a file"
8S4WMPG7,2025,JOURNAL OF RESEARCH IN PERSONALITY,"Junkins, Eleanor J.; Briley, D. A.; Ogolsky, Brian G.; Derringer, Jaime",Registered Report Stage II: Does personality vary by relationship power? An investigation of satisfaction in diverse romantic partnerships,10.1016/j.jrp.2025.104597,caroline,yes,,yes,,rr,https://osf.io/zukqh/overview,
Z9DFK4VT,2025,JOURNAL OF PERSONALITY AND SOCIAL PSYCHOLOGY,"Kachanoff, Frank Jake; Sheehy-Skeffington, Jennifer; Ho, Arnold; Richeson, Jennifer; Kteily, Nour",Beliefs About What Disadvantaged Groups Would Do With Power Shape Advantaged Groups' (Un)Willingness to Relinquish It,10.1037/pspi0000493,caroline,yes,,no,partial,partial_rr,https://osf.io/dbg8y/overview,Study 3 is the RR with the OSF link to left
S8NEW5AY,2024,INFANT AND CHILD DEVELOPMENT,"Kim, Matthew H.; Sidney, Pooja G.",Do teacher instructional practices shape children's academic self-concept and interest in mathematics and science? Evidence from TIMSS 2015,10.1002/icd.2429,caroline,yes,,yes,,rr,https://osf.io/b9dvn/files/cka9x,
WSVNWNAW,2025,PSYCHOLOGY OF ADDICTIVE BEHAVIORS,"King, Kevin M.; Dora, Jonas; Schultz, Megan; McCabe, Connor J.; Lee, Christine M.; Shoda, Yuichi; Fairlie, Anne M.; Litt, Dana M.; Lewis, Melissa A.; Patrick, Megan E.; Smith, Gregory T.",Within-Day Associations Between Affect and Intentions to Drink Alcohol in Adolescents and Young Adults: A Registered Report,10.1037/adb0001074,caroline,yes,,yes,,rr,https://osf.io/eu29a/overview,
GMAP6LC2,2024,EUROPEAN JOURNAL OF PERSONALITY,"Kraft, Livia; Zimmermann, Johannes; Schmukle, Stefan C.; Czarna, Anna Z.; Sekerdej, Maciej; Dufner, Michael",Who Gets the Credit for Success and the Blame for Failure? On the Links Between Narcissism and Self- and Group-Serving Biases,10.1177/08902070231199366,caroline,yes,,yes,,rr,https://osf.io/sm2ep/files/osfstorage,"Stage 1 isn't an actual ""registration"" on OSF; it's just a file; BUT, authors write, ""The stage 1 registered report, analysis script, a draft for the Supplemental Material and study codebook were uploaded before data collection to the OSF: https://osf.io/sm2ep/[Folder “Stage 1 Registered Report (in-principle acceptance)]."" and the RR is dated Sept. 2021 so seems okay"
N4LJW2X2,2025,QUARTERLY JOURNAL OF EXPERIMENTAL PSYCHOLOGY,"Kramer, Robin S. S.; Mcintosh, Robert D.","Face matching and self-insight A Registered Report investigating individual differences in metacognitive sensitivity, efficiency, and bias",10.1177/17470218241254209,caroline,yes,,yes,,rr,https://osf.io/gdrxz/overview,
LWDBUZC2,2025,NEUROSCIENCE OF CONSCIOUSNESS,"Kusztor, Aniko; Mulay, Nirmitee; Yamada, Makiko; Hohwy, Jakob; Tsuchiya, Naotsugu",Lifting the veil: probing altered visual perception in derealization,10.1093/nc/niaf045,caroline,yes,,yes,,rr,https://osf.io/vefsd/overview,
2P8BBZSM,2024,BRITISH JOURNAL OF EDUCATIONAL PSYCHOLOGY,"Laninga-Wijnen, Lydia; Pouwels, J. Loes; Giletta, Matteo; Salmivalli, Christina",Feeling better now? Being defended diminishes daily mood problems and self-blame in victims of bullying,10.1111/bjep.12717,caroline,yes,,yes,,rr,https://osf.io/nghwm/files/d58bp,"Stage 1 isn't an actual ""registration"" on OSF; it's just a file; BUT, they do have a separate registration that is like an ordinary preregistration (https://osf.io/hv5s2/overview)"
QGM5AJMW,2025,CORTEX,"Leganes-Fonteneau, Mateo; Theis, Annelise; Dolfini, Irene; Wiers, Reinout W.; Maurage, Pierre; Rae, Charlotte L.",Cardiac signals and the interference of reward on attention and inhibitory control,10.1016/j.cortex.2025.06.013,caroline,yes,,yes,,rr,https://osf.io/hzv9w/overview,
PCRIMF6K,2025,CORTEX,"Leu, Chiara; Forest, Sebastien; Legrain, Valery; Liberati, Giulia",The effect of stimulus saliency on the modulation of ongoing neural oscillations related to thermonociception: A registered report,10.1016/j.cortex.2025.02.009,caroline,yes,,yes,,rr,https://osf.io/qbrf2/overview,
PI9SQM3S,2024,INTERNATIONAL JOURNAL OF PSYCHOPHYSIOLOGY,"Li, Bingbing; Zhang, Shuhui",Registered Report Stage II: Decoding the category information from evoked potentials to visible and invisible visual objects,10.1016/j.ijpsycho.2024.112446,caroline,yes,,no,no stage 1,not_rr_after_all,missing,"Article is labelled ""Stage 2 Registered Report,"" but cannot find Stage 1 or prereg; there is an OSF page but it doesn't have either Stage 1 or prereg. Maybe is a journal error because the only time registered report is mentioned is in the title and labelling of the article?"
V2JDQ5S8,2025,NATURE HUMAN BEHAVIOUR,"Lin, Chujun; Keles, Umit; Thornton, Mark A.; Adolphs, Ralph",How trait impressions of faces shape subsequent mental state inferences,10.1038/s41562-024-02059-4,caroline,yes,,yes,,rr,https://springernature.figshare.com/articles/journal_contribution/How_trait_impressions_of_faces_shape_subsequent_mental_state_inferences_Registered_Report_Stage_1_Protocol_/19664316/1?file=34922121,
N7Z9B535,2024,NATURE HUMAN BEHAVIOUR,"Lin, Hause; Westbrook, Andrew; Fan, Frank; Inzlicht, Michael",An experimental manipulation of the value of effort,10.1038/s41562-024-01842-7,caroline,yes,,yes,,rr,https://springernature.figshare.com/articles/journal_contribution/Instilling_the_value_of_effort_Registered_Report_Stage_1_Protocol_/14230283/1?file=26855174,
BV9HAAVM,2024,PSYCHOPHYSIOLOGY,"Lin, Ting-Yu; Cheng, Hao-Chien; Tsai, Yi-Luen; Liu, Hung-Wen; Hung, Tsung-Min",Effects of resistance exercises on inhibitory control and plasma epinephrine levels: A registered report of a crossover randomized controlled trial,10.1111/psyp.14489,caroline,yes,,yes,,rr,https://osf.io/ehvyf/overview,
TVFX92SD,2024,JOURNAL OF EXPERIMENTAL SOCIAL PSYCHOLOGY,"Lohre, Erik; Chandrashekar, Subramanya Prasad; Mayiwar, Lewend; Haerem, Thorvald","Uncertainty, expertise, and persuasion: A replication and extension of Karmarkar and Tormala (2010)",10.1016/j.jesp.2024.104619,caroline,yes,,no,replication,replication,https://osf.io/mptud/overview,
AW2J3XR7,2025,JOURNAL OF EXPERIMENTAL SOCIAL PSYCHOLOGY,"Long, Feiteng; Ye, Zi; Luo, Lijuan",Joint collective action increases support for social change and mitigates intergroup polarisation: A registered report,10.1016/j.jesp.2025.104732,caroline,no,stage 1 when investigated full text (as could not discern from title and abstract alone),no,stage 1,not_rr_after_all,NA,
H8BAS4XM,2024,DEVELOPMENTAL COGNITIVE NEUROSCIENCE,"Lowe, Cassandra J.; Bodell, Lindsay P.",Examining neural responses to anticipating or receiving monetary rewards and the development of binge eating in youth. A registered report using data from the Adolescent Brain Cognitive Development (ABCD) study,10.1016/j.dcn.2024.101377,caroline,yes,,no,no stage 1,not_rr_after_all,missing,I cannot find link to Stage 1 or prereg. Multiple references are made to Stage 1 so I don't think it is mistakenly labelled as an RR. 
AVTAR89U,2025,JOURNAL OF PERSONALITY AND SOCIAL PSYCHOLOGY,"Lu, Sirui; Efendic, Emir; Feldman, Gilad","Associations of Fear, Anger, Happiness, and Hope With Risk Judgments: Revisiting Appraisal-Tendency Framework With a Replication and Extensions Registered Report of Lerner and Keltner (2001)",10.1037/pspp0000586,caroline,yes,,no,replication,replication,https://rr.peercommunityin.org/articles/rec?id=162,"Also on OSF, but actual registration doesn't have actual file"
X7HDIQYH,2023,CORTEX,"Magliacano, Alfonso; Catalano, Laura; Sagliano, Laura; Estraneo, Anna; Trojano, Luigi","Spontaneous eye blinking during an auditory, an interoceptive and a visual task: The role of the sensory modality and the attentional focus",10.1016/j.cortex.2023.07.006,caroline,yes,,yes,,rr,https://osf.io/g2py7/overview?view_only=5a8491036fca4599806c642433a6d7e9,"Stage 1 isn't an actual ""registration"" on OSF; it's just a file"
VXKCBS8G,2023,FRONTIERS IN PSYCHOLOGY,"Malone, Sarah; Susac, Ana; Kuhn, Jochen; Kuechemann, Stefan",Registered reports on the role of representational competencies in multimedia learning and learning with multiple representations,10.3389/fpsyg.2023.1260833,caroline,no,editorial summarizing four stage 1 reports (could only discern this from clicking on the title - there was no abstract - and looking at the full text),no,not empirical,not_rr_after_all,NA,
4H2JWJ9B,2025,INFANT AND CHILD DEVELOPMENT,"Mather, Emily; Lindsay, Shane",How Well Do Children Remember Fast-Mapped Words? A Pre-Registered Meta-Analysis of Retention Following the Mutual Exclusivity Response,10.1002/icd.70019,caroline,yes,,yes,,rr,https://osf.io/gx7rf/overview,had to consult full text to determine was stage 2 registered report
V2ZFM3GI,2026,JOURNAL OF PERSONALITY AND SOCIAL PSYCHOLOGY,"Mayiwar, Lewend; Lohre, Erik; Chandrashekar, Subramanya Prasad; Haerem, Thorvald","Desire for Status Is Positively Associated With Overconfidence: A Replication and Extension of Study 5 in C. Anderson, Brion, et al. (2012)",10.1037/pspa0000444,emily,yes,,no,replication,replication,https://osf.io/4pnyz/files/kur95,replication and extension
ILY8DZNK,2025,ADVANCES IN METHODS AND PRACTICES IN PSYCHOLOGICAL SCIENCE,"Mayo-Wilson, Evan; Grant, Sean; Corker, Katherine S.; Moher, David",Consistent and Precise Description of Research Outputs Could Improve Implementation of Open Science,10.1177/25152459251375445,emily,no,about open science practices but not RR,no,not empirical,not_rr_after_all,NA,
GQQQDQ25,2025,APPLIED COGNITIVE PSYCHOLOGY,"McCarthy, Kathryn S.; Hinze, Scott R.",Stage 2 Registered Report-You've Got Some Explaining to Do: Effects of Explanation Prompts on Science Text Comprehension,10.1002/acp.70093,emily,yes,,yes,,rr,https://doi.org/10.1002/acp.3875,
Z76GFQBD,2024,JOURNAL OF EXPERIMENTAL SOCIAL PSYCHOLOGY,"McHugh, Cillian; Francis, Kathryn B.; Everett, Jim A. C.; Timmons, Shane",To beckon or not to beckon: Testing a causal-evaluative modelling approach to moral judgment: A registered report,10.1016/j.jesp.2024.104616,emily,yes,,no,partial,partial_rr,https://osf.io/uerpt/files/s35t8,Study 2 is the RR study. Study 1 prereg: https://aspredicted.org/hwp5-fypr.pdf. Replication and extension but also partial RR
WBZFB2UX,2025,CORTEX,"McIntosh, Robert D.; Schwarzkopf, D. Samuel; Binney, Richard J.; Rotshtein, Pia",Opportunities for Registered Reports in neuropsychology,10.1016/j.cortex.2025.11.014,emily,no,about open science practices but not RR,no,not empirical,not_rr_after_all,NA,
BDMAC4JL,2023,BRITISH JOURNAL OF PSYCHOLOGY,"McKay, Ryan T.; Gervais, Will; Davis, Colin J.",`So Help Me God'? Does oath swearing in courtroom scenarios impact trial outcomes?,10.1111/bjop.12651,emily,yes,,no,partial,partial_rr,https://osf.io/a35sv/files/eqnb8,study 3 is the RR study. Study 1 prereg: https://aspredicted.org/iy2hv.pdf Study 2 prereg: https://aspredicted.org/ra6m5.pdf
PHHHNHLE,2026,LAW AND HUMAN BEHAVIOR,"Mcauliff, Bradley D.","Law and Human Behavior in the Age of Open Science and Diversity, Equity, and Inclusion",10.1037/lhb0000645,emily,no,commentary,no,not empirical,not_rr_after_all,NA,
2L2NKIUU,2024,ACTA PSYCHOLOGICA,"Mickelberg, Amy J.; Walker, Bradley; Ecker, Ullrich K. H.; Fay, Nicolas",Helpful or harmful? The effect of a diagnostic label and its later retraction on person impressions,10.1016/j.actpsy.2024.104420,emily,yes,,yes,,rr,https://osf.io/bkg98/files/wngvj,not formally registered
TBRU6MAU,2025,PSYCHOPHYSIOLOGY,"Monzel, Merlin; Agren, Thomas; Tengler, Matthias; Karneboge, Jana; Reuter, Martin","Stage 2 Registered Report: Propositional Thought Is Sufficient for Imaginal Extinction as Shown by Contrasting Participants With Aphantasia, Simulated Aphantasia, and Controls",10.1111/psyp.14756,emily,yes,,yes,,rr,https://osf.io/fku9n/files/y3c4z?view_only=6864c9c094cf492c835dfd58ce99cd3a,not formally registered
TZJBD7GB,2025,CORTEX,"Moore, Margaret Jane; Demeyere, Nele",Registered reports in neuropsychology: Insights from the burning houses study,10.1016/j.cortex.2025.07.002,emily,no,about open science practices but not RR,no,not empirical,not_rr_after_all,NA,
RN7XWWNK,2024,PSYCHOLOGY OF SPORT AND EXERCISE,"More, Kimberly R.; More, Curt; Burd, Kayla A.; Mentzou, Aikaterini; Phillips, L. Alison",Does messaging matter? A registered report on appearance-versus health-based message framing in exercise appeals targeted towards women,10.1016/j.psychsport.2023.102555,emily,yes,,yes,,rr,https://osf.io/62m3n/overview,authors report a pilot study to check that message stimuli were percevied accurately but results of this pilot was unrelated to study aims and hypotheses so I did not mark as partial RR
MBWMMP6V,2025,JOURNAL OF EXPERIMENTAL SOCIAL PSYCHOLOGY,"Muller-Boysen, Thekla; Pirla, Sergio; Pfattheicher, Stefan",On the relation between boredom and social behavior: A registered report,10.1016/j.jesp.2025.104804,emily,yes,,yes,,rr,https://osf.io/cav4d/files/a7smq,not formally registered
832SRD2F,2025,ADVANCES IN METHODS AND PRACTICES IN PSYCHOLOGICAL SCIENCE,"Neville, Claire M.; Williams, Matt N.",Does Truth Pay? Investigating the Effectiveness of the Bayesian Truth Serum With an Interim Payment: A Registered Report,10.1177/25152459251343043,emily,yes,,yes,,rr,https://osf.io/vuh8b/files/bdg7q,
BVJUAWCI,2023,NATURE HUMAN BEHAVIOUR,"Nichols, Aaron D.; Axt, Jordan; Gosnell, Evelyn; Ariely, Dan",A field study of the impacts of workplace diversity on the recruitment of minority group members,10.1038/s41562-023-01731-5,emily,yes,,yes,,rr,https://doi.org/10.6084/m9.figshare.14043368.v1,mention pilot study but not reported on
C8MNPHSS,2025,LEGAL AND CRIMINOLOGICAL PSYCHOLOGY,"O'Donnell, Rachel; Chan, Jason C. K.",Does blatantly contradictory information reduce the misinformation effect? A Registered Report replication of Loftus (1979),10.1111/lcrp.12242,emily,yes,,no,replication,replication,https://osf.io/ckbr9/files/z3ejw?view_only=5bf028db68594209a47bc2af8ed0f3cf,"not formally registered, mention pilot study but not reported on in detail"
UIYDXPH2,2023,INTERNATIONAL JOURNAL OF EATING DISORDERS,"Pang, Raina D. D.; Morales, Jeremy C.; Smith, Kathryn E.; Murray, Stuart B.; Dunton, Genevieve F.; Mason, Tyler B.",Daily ovarian hormone exposure and loss of control eating in adolescent girls: A registered report,10.1002/eat.23962,emily,no,stage 1,no,stage 1,not_rr_after_all,NA,
378XRVJN,2023,PSYCHOLOGY OF ADDICTIVE BEHAVIORS,"Pennington, Charlotte R.; Monk, Rebecca L.; Heim, Derek; Rose, Abigail K.; Gough, Thomas; Clarke, Ross; Knibb, Graeme; Patel, Roshni; Rai, Priya; Ravat, Halimah; Ali, Ramsha; Anastasiou, Georgiana; Asgari, Fatemeh; Bate, Eve; Bourke, Tara; Boyles, Jayme; Campbell, Alix; Fowler, Nic; Hester, Sian; Neil, Charlotte; McIntyre, Beth; Ogilvy, Ellie; Renouf, Amie; Stafford, Joni; Toothill, Katie; Wong, Hin Kok; Jones, Andrew",The Labels and Models Used to Describe Problematic Substance Use Impact Discrete Elements of Stigma: A Registered Report,10.1037/adb0000919,emily,yes,,yes,,rr,https://osf.io/4vscg/files/uc2hr,
QUWN7JXK,2026,MEMORY,"Pillai, Raunak M.; Arshad, Suha; Fazio, Lisa K.",How prior knowledge and statement truth affect retrieval experiences over time,10.1080/09658211.2025.2584452,emily,yes,,yes,,rr,https://osf.io/9sr47/files/v9a4e,"not formally registered, authors mention replicating a phenomenon but not a direct replication"
FA7C9CWF,2026,QUARTERLY JOURNAL OF EXPERIMENTAL PSYCHOLOGY,"Poole, Daniel; Grange, Jim; Milne, Elizabeth",Can location cues facilitate attentional suppression?,10.1177/17470218251357942,emily,yes,,no,partial,partial_rr,https://osf.io/zqfm3/files/wkefz,"not formally registered, replication and extension, authors mention pilot study but not reported on"
INF7P6NL,2023,ADVANCES IN METHODS AND PRACTICES IN PSYCHOLOGICAL SCIENCE,"Pownall, Madeleine; Pennington, Charlotte R.; Norris, Emma; Juanchich, Marie; Smailes, David; Russell, Sophie; Gooch, Debbie; Evans, Thomas Rhys; Persson, Sofia; Mak, Matthew H. C.; Tzavella, Loukia; Monk, Rebecca; Gough, Thomas; Benwell, Christopher S. Y.; Elsherif, Mahmoud; Farran, Emily; Gallagher-Mitchell, Thomas; Kendrick, Luke T.; Bahnmueller, Julia; Nordmann, Emily; Zaneva, Mirela; Gilligan-Lee, Katie; Bazhydai, Marina; Jones, Andrew; Sedgmond, Jemma; Holzleitner, Iris; Reynolds, James; Moss, Jo; Farrelly, Daniel; Parker, Adam J.; Clark, Kait",Evaluating the Pedagogical Effectiveness of Study Preregistration in the Undergraduate Dissertation,10.1177/25152459231202724,emily,yes,,yes,,rr,https://osf.io/9hjbw/files/m4fn8,
ALYEU8FV,2025,PSYCHOPHYSIOLOGY,"Rawls, Eric; Sponheim, Scott R.",Oscillatory and Aperiodic Contributions to EEG Event-Related Time-Frequency Metrics During Cognitive Control and Reinforcement Processing: A Registered Report,10.1111/psyp.70073,emily,yes,,yes,,rr,https://osf.io/s3kpb/files/xgbqr,
B7P75DUJ,2026,QUARTERLY JOURNAL OF EXPERIMENTAL PSYCHOLOGY,"Raza, Sumaiyah; Schomaker, Judith; Quent, Jorn Alexander; Anderson, Michael C.; Henson, Richard N.",Proactive and retroactive effects of novelty and rest on memory,10.1177/17470218251346156,emily,yes,,yes,,rr,https://osf.io/pz4nf/files/9dpx8,"not formally registered, authors mention replicating findings from previous studies but did not do a direct replication"
UVEPDUB5,2025,QUARTERLY JOURNAL OF EXPERIMENTAL PSYCHOLOGY,"Richards, Bethanie; Holle, Henning; Lindsay, Shane",Does oral breathing disrupt memory consolidation during waking rest? A registered report,10.1177/17470218251328994,emily,yes,,yes,,rr,https://osf.io/xqdtw/files/ysw5n,"not formally registered, conceptual replication"
DSNMWVLD,2025,JOURNAL OF EXPERIMENTAL SOCIAL PSYCHOLOGY,"Rougier, Marine; Schmitz, Mathias; Nuel, Ivane; Fayant, Marie-Pierre; Subra, Baptiste; Alexopoulos, Theodore; Yzerbyt, Vincent",It is not only whether I approach but also why I approach: A registered report on the role of action framing in approach/avoidance training effects,10.1016/j.jesp.2024.104697,emily,yes,,no,partial,partial_rr,https://osf.io/q5f9r/files/nxtec?view_only=073b222de7a54b008093f1682cd6511b,"very confusing osf organization; not formally registered, has a pilot study they report on, authors mention replication effects of previous studies but did not do a direct replication"
HVU9P9ER,2025,JOURNAL OF EXPERIMENTAL SOCIAL PSYCHOLOGY,"Rubinstein, Rachel S.; Jussim, Lee",The malleability of reliance on race or ethnic vs. gender stereotypes in implicit person perception in the presence of counterstereotypic individuating information: A registered report,10.1016/j.jesp.2025.104779,emily,no,stage 1,no,stage 1,not_rr_after_all,NA,
CSBDFYPH,2025,PSYCHONOMIC BULLETIN & REVIEW,"Ruzzante, Federica; Cevolani, Gustavo; Panizza, Folco",Scrolling to wisdom: The impact of social media news exposure on knowledge perception,10.3758/s13423-025-02786-3,emily,yes,,yes,,rr,https://osf.io/dc3ab/files/dvtm6,not formally registered
I5JQ4LTA,2024,CONSCIOUSNESS AND COGNITION,"Schmidt, Oliver; Heck, Daniel W.",The relevance of syntactic complexity for truth judgments: A registered report,10.1016/j.concog.2023.103623,emily,yes,,no,partial,partial_rr,,Experiment 3 is the RR study. Authors mention replicating an effect but did not do a direct replication. They link this osf https://osf.io/vp2nu/overview but neither stage 1 ms or preregistration could be found on osf or linked in the ms.
7P62HETG,2025,ADVANCES IN METHODS AND PRACTICES IN PSYCHOLOGICAL SCIENCE,"Schroeders, Ulrich; Gnambs, Timo",Sample-Size Planning in Item-Response Theory: A Tutorial,10.1177/25152459251314798,emily,no,tutorial,no,not empirical,not_rr_after_all,NA,
K69CH9J8,2025,PSYCHOLOGY & HEALTH,"Sezer, Berke; Gucciardi, Daniel F.; Ntoumanis, Nikos; Riddell, Hugh",Investigating the role of goal motives in predicting bedtime procrastination using a daily diary study design: a registered report,10.1080/08870446.2025.2458871,emily,yes,,yes,,rr,https://osf.io/sd762/overview,
8M4WKBMC,2025,PSYCHOLOGY & HEALTH,"Sezer, Berke; Ntoumanis, Nikos; Riddell, Hugh; Gucciardi, Daniel F.",An experimental investigation of daily mental contrasting with implementation intentions and goal motives in reducing bedtime procrastination: a registered report,10.1080/08870446.2025.2491593,emily,yes,,yes,,rr,https://osf.io/yvm9s/overview,
ICI9B486,2023,CORTEX,"Silas, Jonathan; Jones, Alexander; Yarrow, Kielan; Anderson, Wayne",Spatial attention is not affected by alpha or beta transcranial alternating current stimulation: A registered report,10.1016/j.cortex.2023.03.011,moin,yes,,yes,,rr,https://osf.io/p7ame/registrations,
7DDB47IR,2024,BRITISH JOURNAL OF PSYCHOLOGY,"Silverstein, Priya; Pennington, Charlotte R.; Branney, Peter; O'Connor, Daryl B.; Lawlor, Emma; O'Brien, Emer; Lynott, Dermot",A registered report survey of open research practices in psychology departments in the UK and Ireland,10.1111/bjop.12700,moin,yes,,yes,,rr,https://osf.io/xcdnt/files/waet9,not formally registered; info is also included as appendix in article
LTJDJHSS,2025,EVOLUTION AND HUMAN BEHAVIOR,"Smith, Caroline B.; Hagen, Edward H.","Strength, mating success, and immune and nutritional costs in a population sample of US women and men: A registered report",10.1016/j.evolhumbehav.2024.106647,moin,yes,,no,partial,partial_rr,https://github.com/grasshoppermouse/strengthmating/blob/main/paper.R1.final.docx,not formally registered
9VJGSGBI,2025,EUROPEAN JOURNAL OF PERSONALITY,"Spiridonova, Teodora; Leib, Margarita; van Beest, Ilja; Stavrova, Olga","Do cynics lie to avoid exploitation, to exploit others, or not at all? A registered report on the relationship between cynicism and dishonesty",10.1177/08902070251364410,moin,yes,,yes,,rr,https://osf.io/75shp/registrations,
TASIGNHQ,2023,CORTEX,"Szaszi, Barnabas; Palfi, Bence; Neszveda, Gabor; Taka, Aikaterini; Szecsi, Peter; Blattman, Christopher; Jamison, Julian C.; Sheridan, Margaret",Does alleviating poverty increase cognitive performance? Short- and long-term evidence from a randomized controlled trial,10.1016/j.cortex.2023.07.009,moin,yes,,yes,,rr,https://osf.io/k56yv/overview,
5PGJJ57N,2026,PSYCHOLOGICAL SCIENCE,"Tenney, Elizabeth R.; Rochford, Kylie; Stillwell, Amelia; Liu, Coco Xinyue; Tannenbaum, David; Hennecke, Marie; Stefanucci, Jeanine K.; Blair, B. Ariel; Graham, Jesse; Bonner, Bryan L.",Registered Report: A Replication Examining Occupational Experience and Performance on the Water-Level Task,10.1177/09567976251412721,moin,yes,,no,replication,replication,https://osf.io/ycv82/overview,
7C3JCFGB,2025,BRITISH JOURNAL OF HEALTH PSYCHOLOGY,"Theodoropoulou, Andriana; Lisi, Matteo; Rolision, Jonathan; Sirota, Miroslav",The effects of communicating illness diagnostic and treatment information and C-reactive protein test results on people's antibiotic expectations,10.1111/bjhp.70020,moin,yes,,yes,,rr,https://osf.io/nvgck/files/3xhz4,not formally registered
AWIQW487,2026,NATURE HUMAN BEHAVIOUR,"Tibon, Roni; Greve, Andrea; Humphreys, Gina; Quent, Jorn Alexander; Henson, Richard",Neural activations and representations during episodic versus semantic memory retrieval,10.1038/s41562-025-02390-4,moin,yes,,yes,,rr,https://osf.io/dm47y/files/az2df,not formally registered
32I6QUS9,2025,JOURNAL OF PERSONALITY AND SOCIAL PSYCHOLOGY,"Tidwell, Colin A.; Danvers, Alexander F.; Pfeifer, Valeria A.; Abel, Danielle B.; Alisic, Eva; Beer, Andrew; Bierstetel, Sabrina J.; Bollich-Ziegler, Kathryn L.; Bruni, Michelle; Calabrese, William R.; Chiarello, Christine; Demiray, Burcu; Dimidjian, Sona; Fingerman, Karen L.; Haas, Maximilian; Kaplan, Deanna M.; Kim, Yijung K.; Knezevic, Goran; Lazarevic, Ljiljana B.; Luo, Minxia; Macbeth, Alessandra; Manson, Joseph H.; Mascaro, Jennifer S.; Metcalf, Christina; Minor, Kyle S.; Moseley, Suzanne; Polsinelli, Angelina J.; Raison, Charles L.; Rilling, James K.; Robbins, Megan L.; Sbarra, David; Slatcher, Richard B.; Sun, Jessie; Vasileva, Mira; Vazire, Simine; Mehl, Matthias R.",Are Women Really (Not) More Talkative Than Men? A Registered Report of Binary Gender Similarities/Differences in Daily Word Use,10.1037/pspp0000534,moin,yes,,yes,,rr,https://osf.io/d6t53/overview,
T6QRY99N,2025,CORTEX,"Umemoto, Akina; Inzlicht, Michael; Lin, Hause",Registered report withdrawn registration notice,10.1016/j.cortex.2024.12.016,moin,no,withdrawal notice,no,not empirical,not_rr_after_all,,
E2TFHIQP,2024,JOURNAL OF EXPERIMENTAL SOCIAL PSYCHOLOGY,"Veckalov, Bojana; Gligoric, Vukasin; Petrovic, Marija B.","No evidence that priming analytic thinking reduces belief in conspiracy theories: A Registered Report of high-powered direct replications of Study 2 and Study 4 from Swami, Voracek, Stieger, Tran, and Furnham (2014)*",10.1016/j.jesp.2023.104549,moin,yes,,no,replication,replication,https://osf.io/uvmhy/overview,
Q8HGBATX,2024,ADVANCES IN METHODS AND PRACTICES IN PSYCHOLOGICAL SCIENCE,"Verkoeijen, Peter P. J. L.; Koppenol-Gonzalez, Gabriela V.; van Peppen, Lara M.; Broeren, Marloes M. D. H. J.; Heijltjes, Anita E. G.; Kuijpers, Renske E.; Nobelen, Janneke T. L. M.; Tillema, Marion; de Moor, Marleen H. M.; Arends, Lidia R.","Assessing the Generality of a Self-Administered Strategic-Resource-Use Intervention on Academic Performance: A Multisite, Preregistered Conceptual Replication of Chen et al. (2017)",10.1177/25152459241270604,moin,yes,,yes,,rr,https://osf.io/qydb2/registrations,"refers to ""preregistered"" studies; indicates it received IPA in text; conceptual replication"
797IS3X7,2024,JOURNAL OF EXPERIMENTAL SOCIAL PSYCHOLOGY,"Vu, Linh; Molho, Catherine; Soraperra, Ivan; Fiedler, Susann; Shalvi, Shaul",Giving (in) to help an identified person,10.1016/j.jesp.2023.104557,moin,yes,,yes,,rr,https://doi.org/10.21942/uva.23696061,
HX4IIKAY,2024,QUARTERLY JOURNAL OF EXPERIMENTAL PSYCHOLOGY,"Warman, Annie; Clark, Allan; Malcolm, George L.; Havekost, Maximillian; Rossit, Stephanie",Is there a lower visual field advantage for object affordances? A registered report,10.1177/17470218241230812,moin,yes,,no,replication,replication,https://osf.io/bp8kq/files/dkr45,replication and extension
6QV98UHS,2025,NEUROSCIENCE OF CONSCIOUSNESS,"Watanabe, Ryoichi; Tsuchiya, Naotsugu; Qianchen, Liang; Myowa, Masako; Moriguchi, Yusuke",How much can children see and report about their experience of a brief glance at a natural scene?,10.1093/nc/niaf019,moin,yes,,no,partial,partial_rr,https://osf.io/5cfjz/overview,
WBVZ67VS,2025,CORTEX,"Weinerova, Josefina; Yeung, Sabine; Guo, Panyuan; Yau, Alice; Horne, Connor; Ghinn, Molly; Curtis, Lyn; Adlard, Francess; Bhagat, Vidita; Zhang, Seraphina; Kaser, Muzaffer; Bozic, Mirjana; Schluppeck, Denis; Reid, Andrew; Tibon, Roni; Cheke, Lucy",Changes in memory function in adults following SARS-CoV-2 infection: Findings from the Covid and Cognition online study,10.1016/j.cortex.2025.05.019,moin,yes,,yes,,rr,https://osf.io/ezbr8/registrations,
4MHRFYCL,2025,JOURNAL OF EXPERIMENTAL SOCIAL PSYCHOLOGY,"Weinstein, Netta; Itzchakov, Guy","Empathic listening satisfies speakers' psychological needs and well-being, but doesn't directly deepen solitude experiences: A registered report☆",10.1016/j.jesp.2024.104716,moin,yes,,yes,,rr,https://osf.io/h32wy/files/s78at?view_only=6ba9591870f14322ac81b97586146a4a,
G4VLFQU4,2023,JOURNAL OF EXPERIMENTAL SOCIAL PSYCHOLOGY,"Wenzel, Mario; Rowland, Zarah; Nielsen, Kristian Steensen; Lange, Florian",Too much praise for reappraisal? Examining reappraisal's impact on threat mitigation depending on its implementation: A registered report,10.1016/j.jesp.2023.104475,moin,yes,,yes,,rr,https://osf.io/9v6z7/overview,
9WJEUDX4,2024,JOURNAL OF PERSONALITY AND SOCIAL PSYCHOLOGY,"Weston, Sara J.; Condon, David M.; Rentfrow, P. Jason; Benet-Martinez, Veronica",The Person-Environment Fit of Immigrants to the United States: A Registered Report,10.1037/pspp0000504,moin,yes,,yes,,rr,https://osf.io/k78bd/files/nd76q,
VD2FME69,2024,JOURNAL OF EXPERIMENTAL SOCIAL PSYCHOLOGY,"White, Cindel J. M.; Dean, Chloe M.; Laurin, Kristin",Do reminders of God increase willingness to take risks?,10.1016/j.jesp.2023.104539,moin,yes,,no,partial,partial_rr,https://osf.io/ph5rv/overview,
34SLQBJZ,2024,JOURNAL OF THE AMERICAN ACADEMY OF CHILD AND ADOLESCENT PSYCHIATRY,"White, Tonya","2024 NORBERT AND CHARLOTTE RIEGER AWARD FOR SCIENTIFIC ACHIEVEMENT, SUPPORTED BY THE NORBERT AND CHARLOTTE RIEGER FOUNDATION: STAGE 2 REGISTERED REPORT: THE BIDIRECTIONAL RELATIONSHIP BETWEEN BRAIN FEATURES AND THE DYSREGULATION PROFILE: A LONGITUDINAL, MULTIMODAL APPROACH",10.1016/j.jaac.2024.08.019,moin,no,award notice,no,not empirical,not_rr_after_all,,
CEMS2WYV,2024,CORTEX,"Willmot, Nicholas; Leow, Li -Ann; Filmer, Hannah L.; Dux, Paul E.",Exploring the intra-individual reliability of tDCS: A registered report,10.1016/j.cortex.2023.12.015,moin,yes,,yes,,rr,https://osf.io/adnkc/registrations,
YMD3BMAP,2026,BRITISH JOURNAL OF EDUCATIONAL PSYCHOLOGY,"Wilson, Claire; Brodie, Zara P.; Russell, Kirsten",Trauma-informed practice for children and young people with intellectual disabilities: A scoping review,10.1111/bjep.70011,moin,no,narrative review,no,not empirical,not_rr_after_all,,
9UPDP957,2024,INFANT AND CHILD DEVELOPMENT,"Woods, Adrienne D.; Jiao, June L. L.; Morgan, Paul L.; Buxton, Orfeu M.","Is sleep longitudinally related to children's achievement, executive function and classroom behaviour?",10.1002/icd.2426,moin,yes,,yes,,rr,https://osf.io/6h9r3/overview,
ZAFN54QP,2025,PSYCHOLOGY OF SPORT AND EXERCISE,"Yamada, Masahiro; Saemi, Esmaeel; Delfi, Shadi; Afrash, Sana",A registered report with a single blind procedure to examine the effect of attentional focus and imagery dominance on dart throwing,10.1016/j.psychsport.2024.102745,moin,no,stage 1,no,stage 1,not_rr_after_all,,
EIKG9WRK,2026,JOURNAL OF EXPERIMENTAL SOCIAL PSYCHOLOGY,"Ye, Zi; Long, Feiteng; Feng, Roujia; Zhang, Yi; van Dijk, Wilco W.",Registered Report Stage I: Prioritizing sociability over morality: Preferring false empathic over truthful unempathic emotion communication,10.1016/j.jesp.2025.104833,moin,no,stage 1,no,stage 1,not_rr_after_all,,
HL5KIIAB,2024,PSYCHOLOGY OF SPORT AND EXERCISE,"Zenko, Zachary; Hall, Eric E.; Bixby, Walter R.","The effects of affect-guided interval training on pleasure, enjoyment, and autonomy: A registered report",10.1016/j.psychsport.2024.102611,moin,yes,,yes,,rr,https://osf.io/gec4u/files/xqubh,
T5WWM3SG,2026,JOURNAL OF EXPERIMENTAL SOCIAL PSYCHOLOGY,"Zhao, Chenxiao; Noordewier, Marret K.; van Elk, Michiel",Effects of awe on self-transcendence: A registered report study☆,10.1016/j.jesp.2025.104839,moin,yes,,yes,,rr,https://osf.io/4shdb/registrations,
7NCTLJVQ,2026,ACTA PSYCHOLOGICA,"Zhu, Yong",A study of the effect of AI usage on students' self-efficacy and academic performance in business education: Moderating effect of teacher support [Registered report - stage I],10.1016/j.actpsy.2026.106256,moin,no,stage 1,no,stage 1,not_rr_after_all,,
4DAMVCU7,2025,LAW AND HUMAN BEHAVIOR,"ten Brinke, Leanne; Sprigings, Samantha; Brown, Cameo; Kam, Chloe; Delmas, Hugues","Behavioral Detection of Emotional, High-Stakes Deception: Replication in a Registered Report",10.1037/lhb0000596,moin,yes,,no,replication,replication,https://osf.io/quy4w/overview,