"Key","year","author","title_article","journal","doi","url","index","type_article","gen_sample","title","abstract","intro","method","results","discussion","heading","difficulty","notes"
"JX7VL96Q",2020,"Brunellière, Angèle; Delrue, Laurence; Auran, Cyril","The contribution of audiovisual speech to lexical-semantic processing in natural spoken sentences","Language, Cognition and Neuroscience","10.1080/23273798.2019.1641612","https://www.tandfonline.com/doi/full/10.1080/23273798.2019.1641612",1,"Generalizability",1,NA,NA,NA,NA,NA,NA,NA,NA,NA
"3SHBB4AI",2022,"Ringin, Elysha; Meyer, Denny; Neill, Erica; Phillipou, Andrea; Tan, Eric J.; Toh, Wei Lin; Sumner, Philip J.; Owen, Neville; Hallgren, Mats; Dunstan, David W.; Rossell, Susan L.; Van Rheenen, Tamsyn E.","Psychological-health correlates of physical activity and sedentary behaviour during the COVID pandemic","Mental Health and Physical Activity","10.1016/j.mhpa.2022.100481","https://linkinghub.elsevier.com/retrieve/pii/S1755296622000436",4,"Generalizability",1,NA,NA,NA,NA,NA,NA,NA,NA,NA
"L8K9WWKF",2026,"Nguyen, Peter; Yang, Zhiyong","When Strong Social Norms Divide: The Paradoxical Role of Cultural Tightness–Looseness in the Polarity of Online Discourse","Journal of Cross-Cultural Psychology","10.1177/00220221261448127","https://journals.sagepub.com/doi/10.1177/00220221261448127",7,"Generalizability",1,NA,NA,NA,NA,NA,NA,NA,NA,NA
"6ECQ76E3",2023,"Eldesouky, Lameese; English, Tammy","Keeping up appearances: the role of motives and utility beliefs in expressive suppression","Motivation and Emotion","10.1007/s11031-022-09999-2","https://link.springer.com/10.1007/s11031-022-09999-2",8,"Generalizability",1,NA,NA,NA,NA,NA,NA,NA,NA,NA
"R4PE9VMG",2018,"Yang, Ziyan; Sedikides, Constantine; Gu, Ruolei; Luo, Yu L L; Wang, Yuqi; Cai, Huajian","Narcissism and risky decisions: a neurophysiological approach","Social Cognitive and Affective Neuroscience","10.1093/scan/nsy053","https://academic.oup.com/scan/article/13/8/889/5054953",11,"Generalizability",1,NA,NA,NA,NA,NA,NA,NA,NA,NA
"FAR6JWMR",2024,"Majidi, Elham; Manshaee, Gholamreza","Effects of virtual reality exposure therapy on state-trait anxiety in individuals with dentophobia","Current Psychology","10.1007/s12144-023-04485-5","https://link.springer.com/10.1007/s12144-023-04485-5",16,"Generalizability",1,NA,NA,NA,NA,NA,NA,NA,NA,NA
"P3AY7CFY",2024,"Chen, Yunyun; He, Hong; Zou, Xintong; Zhang, Xuemin","When Good Intention Goes Away: Social Feedback Modulates the Influence of Outcome Valence on Temporal Binding","Cognitive Science","10.1111/cogs.13403","https://onlinelibrary.wiley.com/doi/10.1111/cogs.13403",18,"Generalizability",1,NA,NA,NA,NA,NA,NA,NA,NA,NA
"EANN27DU",2023,"Epihova, Gabriela; Cook, Richard; Andrews, Timothy J.","Recognition of animal faces is impaired in developmental prosopagnosia","Cognition","10.1016/j.cognition.2023.105477","https://linkinghub.elsevier.com/retrieve/pii/S0010027723001117",32,"Generalizability",1,NA,NA,NA,NA,NA,NA,NA,NA,NA
"REZTIWD4",2021,"Braun, Tina; Oertzen, Timo","Empathy, cognitive functioning, and prosocial behavior in mentored children","New Directions for Child and Adolescent Development","10.1002/cad.20409","https://onlinelibrary.wiley.com/doi/10.1002/cad.20409",38,"Generalizability",1,NA,NA,NA,NA,NA,NA,NA,NA,NA
"3KMHLVEH",2022,"Li, Zi-lin; Yue Qi; Mahmut, Mehmet K.; Zou, Lai-quan","Do you often sniff yourself or others? Development of the Body Odor Sniffing Questionnaire and a cross-cultural survey in China and the USA","Physiology & Behavior","10.1016/j.physbeh.2022.113934","https://linkinghub.elsevier.com/retrieve/pii/S0031938422002402",42,"Generalizability",1,NA,NA,NA,NA,NA,NA,NA,NA,NA
"FJXPAJDY",2022,"Sattari, Negin; Whitehurst, Lauren N.; Mednick, Sara C.","The Role of Working Memory in Age-Related Emotional Memory Bias","Affective Science","10.1007/s42761-022-00134-5","https://link.springer.com/10.1007/s42761-022-00134-5",43,"Generalizability",1,NA,NA,NA,NA,NA,NA,NA,NA,NA
"2ZCFENBA",2024,"Zhang, Meng-Run; Ng, Florrie Fei-Yin; Yu, Duo; Von Suchodoletz, Antje","Granny and mama: Grandmothers’ and mothers’ interactions with toddlers during block play in urban China","Early Childhood Research Quarterly","10.1016/j.ecresq.2023.12.004","https://linkinghub.elsevier.com/retrieve/pii/S0885200623001679",44,"Generalizability",1,NA,NA,NA,NA,NA,NA,NA,NA,NA
"YK35Y6JY",2022,"Greer, Nancy; Rockloff, Matthew; Hing, Nerilee; Browne, Matthew; King, Daniel L.","Skin Gambling Contributes to Gambling Problems and Harm After Controlling for Other Forms of Traditional Gambling","Journal of Gambling Studies","10.1007/s10899-022-10111-z","https://link.springer.com/10.1007/s10899-022-10111-z",85,"Generalizability",1,NA,NA,NA,NA,NA,NA,NA,NA,NA
"PDLJF664",2026,"Phetphum, Chakkraphan; Keeratisiroj, Orawan; Pipattanachat, Vasin; Naravage, Wanapa; Kongpun, Jutatip; Promphakping, Buapun; Promphakping, Ninlawadee; Sathirapanya, Chutarat; Chotipanvithayakul, Rassamee","Smoking and E-cigarette Use in Smoke-free Schools among Secondary School Students in Thailand: A Multicenter Prospective Cohort Study","Asian Journal of Social Health and Behavior","10.4103/shb.shb_196_25","https://journals.lww.com/10.4103/shb.shb_196_25",82,"Generalizability",1,NA,NA,NA,NA,NA,NA,NA,NA,NA
"2PK6RTCN",2024,"Fink, Lior; Newman, Leorre; Haran, Uriel","Let me decide: Increasing user autonomy increases recommendation acceptance","Computers in Human Behavior","10.1016/j.chb.2024.108244","https://linkinghub.elsevier.com/retrieve/pii/S0747563224001122",71,"Generalizability",1,NA,NA,NA,NA,NA,NA,NA,NA,NA
"7EN6EWEA",2022,"Lu, Runhao; Zhang, Yanna; Bao, Naili; Su, Meng; Zhang, Xingli; Shi, Jiannong","Visuospatial, rather than verbal working memory capacity plays a key role in verbal and figural creativity","Thinking & Reasoning","10.1080/13546783.2021.1911848","https://www.tandfonline.com/doi/full/10.1080/13546783.2021.1911848",68,"Generalizability",1,NA,NA,NA,NA,NA,NA,NA,NA,NA
"PAV4NKKS",2025,"Casas, José M.; Dueñas, Jorge-Manuel; Ferrando, Pere J.; Castarlenas, Elena; Vigil-Colet, Andreu; Hernández-Navarro, Juan C.; Morales-Vives, Fabia","Measuring the callous-unemotional traits in Spanish juvenile offenders: properties and functioning of the INCA questionnaire in this population","Psychiatry, Psychology and Law","10.1080/13218719.2025.2497785","https://www.tandfonline.com/doi/full/10.1080/13218719.2025.2497785",67,"Generalizability",1,NA,NA,NA,NA,NA,NA,NA,NA,NA
"WD8AJFIA",2023,"Lassen, David Dreyer; Mahler, Daniel","Free to choose or free to lose? Understanding individual attitudes toward paternalism","Behavioural Public Policy","10.1017/bpp.2022.39","https://www.cambridge.org/core/product/identifier/S2398063X22000392/type/journal_article",66,"Generalizability",1,NA,NA,NA,NA,NA,NA,NA,NA,NA
"FV4P37GJ",2020,"Cheon, Bobby; Esposito, Gianluca","Brief Exposure to Infants Activates Social and Intergroup Vigilance","Behavioral Sciences","10.3390/bs10040072","https://www.mdpi.com/2076-328X/10/4/72",64,"Generalizability",1,NA,NA,NA,NA,NA,NA,NA,NA,NA
"D53K4V8R",2021,"Jeon, Minjeong; De Boeck, Paul; Luo, Jevan; Li, Xiangrui; Lu, Zhong-Lin","Modeling Within-Item Dependencies in Parallel Data on Test Responses and Brain Activation","Psychometrika","10.1007/s11336-020-09741-2","https://www.cambridge.org/core/product/identifier/S0033312300006517/type/journal_article",90,"Generalizability",1,NA,NA,NA,NA,NA,NA,NA,NA,NA
"YU9YWRC7",2023,"Herchenroeder, Luke; Williams, Eleanor; Wedell, Emma; Sorid, Samantha D.; Bakou, Alexandra Elissavet; Bravo, Adrian J.; Hogarth, Lee","Interoceptive attention or merely distraction? An examination of the effects of brief breath counting training on stress-induced alcohol-seeking behavior.","Experimental and Clinical Psychopharmacology","10.1037/pha0000557","https://doi.apa.org/doi/10.1037/pha0000557",92,"Generalizability",1,NA,NA,NA,NA,NA,NA,NA,NA,NA
"QGQEXLWM",2022,"Alamos, Pilar; Corbin, Catherine M.; Klotz, Madeline; Lowenstein, Amy E.; Downer, Jason T.; Brown, Joshua L.","Bidirectional associations among teachers' burnout and classroom relational climate across an academic year","Journal of School Psychology","10.1016/j.jsp.2022.09.001","https://linkinghub.elsevier.com/retrieve/pii/S0022440522000759",3,"Generalizability",1,NA,NA,NA,NA,NA,NA,NA,NA,NA
"TT8SZU4P",2021,"Jia, Lu-xia; Qin, Xiao-jing; Cui, Ji-fang; Shi, Hai-song; Ye, Jun-yan; Yang, Tian-xiao; Wang, Ya; Chan, Raymond C. K.","Dissociation of Proactive and Reactive Cognitive Control in Individuals with Schizotypy: An Event-Related Potential Study","Journal of the International Neuropsychological Society","10.1017/S135561772000137X","https://www.cambridge.org/core/product/identifier/S135561772000137X/type/journal_article",47,"Generalizability",1,NA,NA,NA,NA,NA,NA,NA,NA,NA
"CYXBKIEP",2024,"Zucchelli, Micaela Maria; Gambetti, Elisa; Giusberti, Fiorella; Nori, Raffaella","Use of default option nudge and individual differences in everyday life decisions","Cognitive Processing","10.1007/s10339-023-01161-1","https://link.springer.com/10.1007/s10339-023-01161-1",97,"Generalizability",1,NA,NA,NA,NA,NA,NA,NA,NA,NA
"D6GKZW9W",2019,"Zhang, Yue; Xin, Ziqiang","Rule Comes First: The Influences of Market Attributes on Interpersonal Trust in the Marketization Process","Journal of Social Issues","10.1111/josi.12306","https://spssi.onlinelibrary.wiley.com/doi/10.1111/josi.12306",58,"Generalizability",1,NA,NA,NA,NA,NA,NA,NA,NA,NA
"QDEP2ISH",2024,"Klackl, Johannes; Lüders, Adrian; Jonas, Eva","Q: What is the recipe for defense? A: Threat, anxiety, and approach motivation.","Motivation Science","10.1037/mot0000314","https://doi.apa.org/doi/10.1037/mot0000314",6,"Generalizability",1,NA,NA,NA,NA,NA,NA,NA,NA,NA
"95IX9SZB",2025,"Mancini, Vincent O.; Ditzer, Julia; Brett, Jack D.; Gross, James J.; Preece, David A.","Internalizing Symptoms in Men: The Role of Masculine Norms, Alexithymia, and Emotion Regulation","Sex Roles","10.1007/s11199-025-01615-0","https://link.springer.com/10.1007/s11199-025-01615-0",57,"Generalizability",1,NA,NA,NA,NA,NA,NA,NA,NA,NA
"JGWURASQ",2022,"Hill, Christopher R.; Smith, Alan L.; Myers, Nicholas D.; Feltz, Deborah L.","Tripartite efficacy and behavior of clients working with a personal trainer","Journal of Applied Sport Psychology","10.1080/10413200.2021.1894507","https://www.tandfonline.com/doi/full/10.1080/10413200.2021.1894507",88,"Generalizability",1,NA,NA,NA,NA,NA,NA,NA,NA,NA
"II5AB8NI",2023,"Thompson, Phillip S.; Bolino, Mark C.; Norris, Kalan R.; Kuo, Shu-Tsen","Unconstructive curiosity killed the cat: The importance of follower political skill and constructive curiosity to avoid leader perceptions of insubordination and unlikability","Organizational Behavior and Human Decision Processes","10.1016/j.obhdp.2023.104275","https://linkinghub.elsevier.com/retrieve/pii/S0749597823000511",41,"Generalizability",1,NA,NA,NA,NA,NA,NA,NA,NA,NA
"9T37NYDZ",2024,"Hasan-Aslih, Siwar; Pliskin, Ruthie; Shuman, Eric; Van Zomeren, Martijn; Saguy, Tamar; Halperin, Eran","Together we will rise? Perceptions of instrumentality and normalization as motivations for joint collective action among the disadvantaged","Group Processes & Intergroup Relations","10.1177/13684302231153830","https://journals.sagepub.com/doi/10.1177/13684302231153830",51,"Generalizability",1,NA,NA,NA,NA,NA,NA,NA,NA,NA
